feature_0,feature_1,feature_2,feature_3,feature_4
0.250042661784886,0.05466905144755785,0.8366427964770221,0.9300734698591067,0.8476780487190315
0.9863870883089386,0.993249017153595,0.5465045427258454,0.8150846268485451,0.38801567951651805
0.01666038595175301,0.4796694931385208,0.6804362107773831,0.09452420890305735,0.1552339564736709
0.8106237801128547,0.310021684772121,0.0518249415808516,0.613175260501013,0.4226017756038365
0.9335296904988398,0.6086437197020341,0.22663931152082284,0.9932325994952134,0.6374505618547383
0.6890633165226628,0.4874654762961672,0.6954309172070068,0.9217306592575966,0.46346496363884526
0.5223221151553434,0.8358783232338585,0.21315143644985124,0.7202515800178296,0.9331175668891021
0.6721392369049326,0.08618984981642508,0.08686900979940249,0.31986643560538086,0.884838630529171
0.9361602078800343,0.012539566263963575,0.6167332971361074,0.6753656895251092,0.4553553088347362
0.24491809792921881,0.7724190678588747,0.04405478420299991,0.3538301493764766,0.31797806103321247
0.21862183438885774,0.358169125396707,0.9477313211410572,0.22737689911218217,0.1255758208645531
0.9781462612171132,0.3146575421921355,0.8906652502234208,0.16792089900581475,0.30855568071088213
0.8033076776430881,0.8898455344803239,0.5113844241845007,0.17545417552652742,0.7797421251775453
0.1796867657697142,0.2615170370404133,0.2935447432252811,0.5859245703828765,0.8805593882754033
0.19228536562054732,0.48214890330597004,0.847224417811,0.6193015310313266,0.34223292075596345
0.010077051829153527,0.5516026437531929,0.8060713840897443,0.15164921177586954,0.2524517081730583
0.3597841393827914,0.8463859600949789,0.8605439401372534,0.9803019497937407,0.42568006975088724
0.06355006465104507,0.06280322188300103,0.8307760647962493,0.16987211874775443,0.6121237671023214
0.46885763245695955,0.26121189495037067,0.7628847599176698,0.7910865453577749,0.05748830416659023
0.14733444900975656,0.6328660631914841,0.04860895807767096,0.6273329881370916,0.9720441488886303
0.3021556811442936,0.3711706246324371,0.8509134174541181,0.9280646775844629,0.4616141663438167
0.8191492067371375,0.8490168043636382,0.04014774310421254,0.18103701071725464,0.5363074860643751
0.012002162959298679,0.27593369869964024,0.029371101309697112,0.9582392086757405,0.00910456137180149
0.39270354935563123,0.43925445720438205,0.6830639212666607,0.4354466125457017,0.6421560497494387
0.0805523909011493,0.774243562718135,0.04881520211151047,0.7541108867346723,0.1793691206943019
0.8640829185715064,0.7804793232715441,0.5767959713723606,0.826552796936135,0.38089528473251344
0.4280912188359036,0.9174526666367544,0.9108758781158475,0.14388873844505734,0.8147652664765827
0.9922403056997229,0.7201946012183641,0.5597693472217513,0.6491705190776172,0.4252263768067066
0.4224614363094873,0.15294889168587955,0.8499841564001049,0.07319269229471748,0.7222995132845597
0.08343223434941882,0.9978115547240979,0.7308123948943014,0.8991304513914703,0.5066703327313922
0.9643579834206907,0.0890299514558699,0.277465358221324,0.2272509342653345,0.5036895882018109
0.6831194946925908,0.2649906134127983,0.0935186041350704,0.8221706742960332,0.5615258367809745
0.7979181477552986,0.7941580939545891,0.11814672784460445,0.6691040051786041,0.8045656586542387
0.04745802139485955,0.32410481839573035,0.2877364190907077,0.23229043363726587,0.3493673695238847
0.47325290809087084,0.372492298153834,0.3059038859058071,0.4055585426078008,0.08047820408635997
0.28863017350128106,0.2399793271871996,0.971781485326723,0.19853236406001018,0.6187655157224127
0.05422535922397931,0.03498382314025417,0.5128549672090826,0.5783836223723208,0.6524434857544701
0.7068240969728812,0.4062438700480542,0.5313838786944166,0.9670056651101917,0.008491749963175477
0.5681789731163672,0.4313644790090483,0.3699167402166227,0.16392907334368922,0.6519674658310597
0.051300890530033616,0.5872063894638437,0.3729237884895661,0.8672704944606376,0.9197397786886513
0.9931565593341248,0.9503203852440123,0.8281502405684195,0.707749375387776,0.32404718266896826
0.1398610865151595,0.9990679536158502,0.8659144932613614,0.8376018443799269,0.22429455367588036
0.3331933792982429,0.21532771695473707,0.35701383902880324,0.7543683465494059,0.9004414564255363
0.6185270653628576,0.7051155076420013,0.35564434965846214,0.4724859023262672,0.5015608171336626
0.6357286710221258,0.92784908852693,0.7466866590998037,0.35775171568620123,0.9932605719526143
0.2867096221170746,0.006214904140854682,0.39818871578501625,0.700472710093073,0.07154109463256897
0.6987923320641453,0.23247248237051443,0.12874899799424144,0.5600207835275968,0.17987218588146603
0.0713348904136466,0.4614494092003383,0.6896976679470582,0.9810040065787037,0.0889873645617899
0.9420617231193501,0.9278540264514626,0.8509845845748393,0.6259316828294592,0.2898382658537161
0.12065928551839822,0.3371659324747801,0.2442118161927369,0.5275448168811004,0.27729323096731473
0.055738424620214944,0.7361219877637281,0.7656988285522074,0.6772194359944679,0.9319235083452553
0.386913958019965,0.8416050116811802,0.5404922941661084,0.03478272506702884,0.6955482546993212
0.2645572360488335,0.5528050142578187,0.7253107893728665,0.6641035796609973,0.19797944309244841
0.09783783370923504,0.7310488775780346,0.7278388922717621,0.7016474854736635,0.3211829094352463
0.571287267078631,0.3923958094713105,0.10987167710193069,0.8016883696009665,0.32136790622278744
0.06385090956865047,0.8346156824853098,0.4184103059737704,0.355596448401016,0.7435643786127265
0.3455910609982096,0.602589983765283,0.7569135762951569,0.7501535298116051,0.41664566336758846
0.49565169282431565,0.7952405616769829,0.5322600632056816,0.8357772399137149,0.24469615630797759
0.43654797971058534,0.5356129444527916,0.9063680243736021,0.481456792040831,0.08407353791319683
0.9241189824258728,0.4809367477743067,0.8381679921764397,0.09735779147293,0.3520391197559729
0.02864090588885415,0.5672096833437782,0.23037102623102446,0.9722248800870448,0.44958222574687023
0.04386550124251809,0.69901672387872,0.2153417709001455,0.3712683455948944,0.5455030306892328
0.3003602921140388,0.6942928165086266,0.8625767700861064,0.19044258436633654,0.2683800796064082
0.18547914609773497,0.5953048882315587,0.2301588592690803,0.8854054748326424,0.25008577939824816
0.7156290180626921,0.4979708721244157,0.3063391069137532,0.9843721916890402,0.8120748183197877
0.7823210461761014,0.7114882180447405,0.7088514476957968,0.6982554289194991,0.2596415148829969
0.19286787264472205,0.6086782038406865,0.3830818864434038,0.336845638055444,0.6264722171584305
0.4582118101565683,0.48358990604166174,0.998339453521675,0.09854128179754151,0.3817221372661388
0.5494623826100941,0.30145258581147405,0.23851938853120003,0.5510872850491553,0.7933888105528237
0.46888948946952347,0.11490034705947083,0.26486000710365076,0.137335689051598,0.048429600194378364
0.3112178581040418,0.52153898622175,0.12847201143022347,0.08140846001322266,0.783258835481294
0.9236630778634138,0.12275660726338333,0.627465600644714,0.6993833876484926,0.7140814249339592
0.8362698658095209,0.1094725336235085,0.3175478673811192,0.8508093912204233,0.226370328742442
0.33158162770563726,0.728396925571123,0.9695583382603716,0.7630758127115312,0.9401190445719716
0.7854731204991238,0.9915415178573751,0.9429464362266434,0.5365396389486444,0.7519390696170763
0.30591133506400003,0.6757012263532747,0.5864959769516019,0.09637415126489868,0.7354540644594499
0.2627691278827389,0.5777837002874259,0.4000374127998707,0.4521932567293223,0.5472296540112523
0.8318183031311832,0.9702113001473734,0.3499302190843584,0.8715568714050136,0.6485954358154576
0.3594295654870999,0.5781303944451567,0.015055224654632715,0.15042945719652023,0.6445953557550114
0.44469279507675563,0.9331002732807395,0.6429986587108754,0.4127468307418517,0.6638712472190407
0.05294710923004331,0.30473952865172693,0.34689459390436816,0.9876141091041939,0.7956066039978316
0.5873561283916119,0.5181882546250081,0.341032501644696,0.011520949839595174,0.5116036728782767
0.09553953644048452,0.7107243396779637,0.725242914786291,0.45612664035268635,0.2891335806105624
0.08545212099672173,0.03655628010220913,0.704435946702272,0.13194817014866755,0.9307561310680342
0.8240832233028695,0.14210084905450127,0.34779375560114845,0.31410209994359706,0.11218698172162811
0.7079018592181631,0.06764900216586311,0.18253952757379244,0.7042256808345753,0.7645344167126844
0.12110654920037556,0.2970279050658905,0.9785470860965452,0.886412316462376,0.2908528958050791
0.25732991934092386,0.27924649819655045,0.5711362908825715,0.6370911234596945,0.9734785311265504
0.8736256068271211,0.5241600838902458,0.18901581302707104,0.2954729711637134,0.30571713236075937
0.4872377123065631,0.08769604981215129,0.07916057778380381,0.2147985190900703,0.22399000960959248
0.03970121646743674,0.9694045144155441,0.22824114434639953,0.7757568610025576,0.4112293146544229
0.5164107542786887,0.2418186477585409,0.5405197602968741,0.019779483922197527,0.6708196061774447
0.737941561287453,0.8684913756851543,0.3773408176170937,0.6430112175919183,0.937925435856101
0.9600555639091362,0.11819373552653711,0.463158329249331,0.6098566476326241,0.38846178197752335
0.7917548530207132,0.7559040646288142,0.7006732563185636,0.9711075286335533,0.27358624784681274
0.4314576515989591,0.2430736842101512,0.2769719435435579,0.48541121015112787,0.9978913043256123
0.6407221143809526,0.09745388488325624,0.9626022544023677,0.5286999881731205,0.20769364181378946
0.2737376025396199,0.7119221139706098,0.948554640048134,0.10632008407073035,0.002417651913827923
0.43292958082116373,0.4641354234705274,0.9796270857553376,0.40718697236807144,0.933256633825666
0.5954485082805445,0.7486452713078896,0.6082196573763949,0.9037893437714926,0.597169487758527
0.16106933213243424,0.543717007208581,0.5288065203317646,0.7722999886126514,0.11943446565882154
0.03531932877202848,0.606662029146611,0.25614142773715465,0.12802544818544537,0.10823666618358052
0.5926680214888249,0.48641825602469524,0.15927676602535912,0.6720925676242157,0.8038997877384206
0.5782278416480696,0.6794009918838658,0.9238004745253482,0.2509552215102605,0.9551258284456344
0.10039651756819123,0.7081274758201256,0.6941943906144228,0.8295214408255128,0.3740248239077101
0.24319632530050705,0.11082532427678138,0.11778275315902931,0.23219421585714706,0.09478555275887546
0.35967942507533535,0.5480669137248529,0.14663525977341108,0.2397233433206033,0.9201661894144277
0.9626781476057338,0.6516173941249398,0.33233344085895655,0.4724828503719338,0.9568435551162687
0.6123741506471081,0.9480245343923357,0.2019173332539932,0.6612283839854534,0.1662355020037085
0.00823944093377793,0.5227907538385833,0.040813861855198974,0.868101660208067,0.11733915040838794
0.5587976563931005,0.5899412047041709,0.26468553261159355,0.663939033265957,0.6792538092631002
0.9762784033932217,0.4753267392706345,0.29518917047480486,0.554811180874308,0.7286918498299939
0.009331832294826259,0.588990791123555,0.6450587991211532,0.03475039812292957,0.6367540894918096
0.35965108535428814,0.5542424760207912,0.6965197744650776,0.2756512201278787,0.20203486458663744
0.7434736490959666,0.9990528470161857,0.576062741648377,0.5304514115991911,0.6976540761258511
0.5195141099300761,0.09315584271625965,0.6733402490317513,0.3778545454737279,0.34034597535820565
0.47407870242586736,0.8539547461323086,0.9004997384216509,0.05900472037190296,0.850880527844969
0.9201362880765995,0.17928931093749356,0.40680359071053007,0.26845235306138493,0.9077842044089243
0.4678985643111956,0.6908500979370732,0.435805405299972,0.17846681734579384,0.24302970765747633
0.3597877618893065,0.5966615216800072,0.7566853814955441,0.8597935618433309,0.9996198834451349
0.30404579106052854,0.37080360047934624,0.8478003751653627,0.9572468332539343,0.6888008081085474
0.17009301830183976,0.4677506353070683,0.47324482310158633,0.023707049581353168,0.32938832541460206
0.13491168718028046,0.5158419563998183,0.9149501879022789,0.7036370990928035,0.35822627131322604
0.5542843654727853,0.29923541164636813,0.2100108522531432,0.4998430605927545,0.19152257924629912
0.49244040193021454,0.0035992527822691356,0.0370277117481137,0.5880447554396524,0.2797213581726131
0.46141567266926087,0.7189015828700343,0.49142740177916955,0.6643676303609263,0.9099696462883486
0.3252377701725714,0.723160010860792,0.4551654888621346,0.23365645663383527,0.24387091962890228
0.13285528917436973,0.01110051210366414,0.40177316075369796,0.04112859985224748,0.7727947972886802
0.08258649646955696,0.10471279301741732,0.6449797975843001,0.8323713092148143,0.5400541803922695
0.9360605443312762,0.596525097225406,0.10345241193516896,0.7295115936490071,0.6000152814171494
0.575011920112913,0.5012360957190729,0.9684013817970176,0.8110836370080597,0.8548017024485346
0.5662175634626554,0.23082185421264179,0.7735754147673446,0.3776256960778178,0.4632697552027949
0.3505596694972255,0.32180394054544836,0.8830774443100002,0.20810264252732613,0.26449467084273537
0.6680821158814307,0.039667401884672104,0.47979000524406856,0.2911999754692206,0.7501330721059223
0.6283178046073722,0.87174986078099,0.5749156809427145,0.8070775883939476,0.8577896226326737
0.5684330648491195,0.5877319443566894,0.6304447458873371,0.7226542197840949,0.7645717915503336
0.8194765616391165,0.06663477082858049,0.8338860983973212,0.8767356886840979,0.8677959737034474
0.36578936749919244,0.1877525793088176,0.5154750392500681,0.9660877713786736,0.19331398589653515
0.3245081078717157,0.17162794749580668,0.0588356486167263,0.06264627714348248,0.5501663942438901
0.6756387185408551,0.3677379994299099,0.47362748183255887,0.42233771771662887,0.8791912523126802
0.3335887649286181,0.542503736108497,0.3219220542174748,0.9154790280303462,0.3078924268726294
0.007172201750450302,0.08277417000625953,0.8101503063422326,0.4300614263324857,0.08556109018903113
0.7873463142560612,0.972686229649019,0.07852416980685573,0.5551986916330242,0.1017224589111494
0.9354954733707456,0.2207155198364147,0.414894119252213,0.6711669224826005,0.4000794097937195
0.4611134377988815,0.569866572539735,0.10778863733921473,0.7355496371000285,0.41005200967648414
0.05526046081064384,0.7013965594358166,0.27135124623842644,0.6745743327012207,0.7517489012640279
0.3275571854378768,0.5314166928772884,0.3172096307871942,0.7181401326737124,0.3478103670578956
0.7013832268029726,0.8929492393391558,0.08137320888114574,0.2469251224127963,0.2783735982934977
0.5871177601400119,0.28087282825922844,0.29697510022937457,0.09675242791213423,0.34756016192044137
0.6583353225566488,0.3170588922034313,0.35505421753412547,0.5969306382173614,0.6430272240458819
0.08295867803212775,0.698685766909733,0.16189755656581784,0.42589327757156026,0.5674654253246125
0.06218386843971513,0.8073778322336642,0.15763401534658017,0.30216899874913217,0.5688008553839483
0.023114214702062985,0.6555952837872024,0.10822479673641328,0.24843331308692962,0.030489400617786933
0.3104032347206742,0.38420093888535145,0.8277387946503065,0.5405311809778826,0.2820126481939974
0.21199040657291235,0.04869288902449076,0.5342065002002439,0.774553075422746,0.9275818879739521
0.23775317314980393,0.9009760693592314,0.4340941865361705,0.34382964265438076,0.19781460219794367
0.09518268757028803,0.652266935108382,0.5017724838184839,0.7777126785042308,0.33079776383900494
0.03778849555471231,0.5551266045301813,0.27852340436563283,0.8150576640372795,0.023190527639926017
0.4407076729024816,0.5097237079513546,0.5994592814532442,0.07683818983472102,0.859343105440679
0.8415535158404545,0.4528387607434231,0.526563409266536,0.7834289480213527,0.4355464061377562
0.9084180188040946,0.9252873444156223,0.2673352518427664,0.35663220233688153,0.04599844292145838
0.0917328152629947,0.7352447020299356,0.961298365313053,0.6903203741866832,0.5301410213390262
0.10000343996328254,0.18724443933132318,0.437923725922854,0.8237166945863185,0.3660693383220832
0.383712742288395,0.8223725886338952,0.04983513660906136,0.3469044941034489,0.36519464047595773
0.41938210838759693,0.2087080423420845,0.28819662380885047,0.4675454370232818,0.48564274105007155
0.6160027807704557,0.24147646154060953,0.8494632343332361,0.05892679774898113,0.22981640770899958
0.4109097215015708,0.4997073343600479,0.788471349961059,0.6894137186740534,0.8640687256399522
0.3352766190305184,0.4583212838798484,0.5077774815092803,0.25247802506629213,0.07647729696179739
0.8749987874036801,0.9155456540185024,0.854119154733208,0.17096325493046505,0.03384313079825774
0.09307285705785584,0.4359726590344116,0.8589580674447627,0.7435361007884241,0.21637685677389795
0.07597847635213895,0.9300835233571921,0.2315131583764345,0.22095915371405095,0.3794199954675215
0.5830018952715983,0.9306394343413917,0.8260838573535899,0.4347859798674285,0.6409289689980745
0.21764690840651912,0.6615752849416671,0.2991848393183343,0.39607282971429414,0.014719797209157393
0.48646848620568806,0.47847925625769827,0.17625600874608316,0.3968478607466226,0.06207186978352752
0.5964659750604328,0.6370837692728661,0.42337617267050076,0.9720878539279613,0.7886685371504075
0.22467524427233043,0.27194499440444586,0.29337899335822104,0.18676868493640641,0.6451491326727057
0.8992043305061241,0.5230291417071563,0.603770949931477,0.07336028705039332,0.6174345490418263
0.28327154957161227,0.9319813748755991,0.647793915133149,0.14525986981038208,0.913533646756867
0.5470676691793009,0.14111613351466867,0.24273311320461655,0.21513486246884994,0.5897248510539285
0.2265761280083619,0.07493314309177923,0.47141402998145143,0.8437316333244038,0.4812363497416634
0.5838966826233413,0.25635848666952554,0.7009705515139035,0.48888784298791776,0.2809858299136915
0.7764057070512163,0.0799340324551423,0.4618197369203534,0.20105634421429486,0.004758293804101976
0.9447335454952104,0.4432655084057403,0.38247863925379033,0.0093343194912896,0.2167650953752137
0.024121087420230003,0.4236365552410333,0.6172667357970061,0.9177848377571047,0.28897779207701113
0.6445533026863791,0.8912033224192903,0.06196770359696724,0.12640895786980633,0.12339966791358048
0.4995459169556562,0.6038142029862651,0.5382119431768575,0.3826385943042975,0.05624174259223902
0.10308981363877145,0.4178360714939158,0.3684049083215315,0.8801692703771499,0.7603544296645383
0.18152496444147936,0.9142804993999588,0.7218308908597192,0.07238201503497688,0.34538838297223706
0.32436121115390404,0.38627301862044583,0.12352219907746387,0.23564615262788857,0.7034415969212278
0.2734678296653137,0.6568303100143212,0.9294584370957738,0.0050997184564609555,0.03334941959228632
0.4643871622021777,0.8768794802641001,0.5422336654319859,0.5125851789773224,0.1729561159935148
0.7883090616870267,0.7320503081417681,0.307500366815487,0.14178212443846183,0.0808045983041159
0.5797777404209608,0.8835521575093852,0.4976555737185687,0.8662169456630224,0.03180245380490654
0.979189210169849,0.9105502715424464,0.6848255084137038,0.5969001926755755,0.687082786953052
0.5795296348957087,0.06485943086002555,0.24277829751875168,0.6799330797961449,0.7902392827197131
0.8078433995045284,0.11927847190930929,0.29159488117836385,0.35629211499418445,0.5797921872430816
0.11210868043595124,0.4777296781715,0.11502952494864693,0.4320913340952567,0.5216796877679639
0.9369187237453057,0.010062539371800017,0.8378095658687493,0.8442861743210965,0.5038744745944244
0.3347308814779474,0.6103432443309372,0.8014453034747495,0.13560171869546866,0.6607097238338699
0.2932448973331372,0.9842755619704925,0.21693844003661478,0.10300780657658803,0.052177603108331194
0.07199650202907193,0.8409948807548442,0.40165846051683995,0.4053700572920851,0.8281076228670096
0.856273489123439,0.5324004630006259,0.21311945315082614,0.5522868006156789,0.0758817553033938
0.7108608295656674,0.8709530801858965,0.8937300594875878,0.9265593969414,0.01569067703855409
0.4828661491371943,0.2496100062535671,0.06796179849558215,0.94111031600667,0.6525930131217785
0.7625751548513162,0.5533529739585491,0.9611063058537398,0.9323874802765462,0.7521105091418148
0.023310694345892502,0.1674909307542869,0.16574521903772255,0.7614535340452822,0.04417262255542198
0.4661341931939289,0.7171771568546378,0.18790121256496517,0.7515783505435909,0.3007126709980559
0.18862972019121926,0.8432878945742339,0.9792613958916405,0.5441130923317223,0.27225459876833635
0.8317329492482816,0.25291691464094235,0.5167852607232486,0.06420716288603479,0.25015802818026656
0.9902396478850602,0.7206442710208267,0.9789170755144448,0.33539948595093105,0.10851722708136446
0.7854890667424229,0.4651809723311543,0.6742165479195451,0.25363686696741417,0.8195174347170624
0.9543820632230205,0.9603986547697024,0.24658071020809647,0.08593064496349512,0.7889288391316848
0.2801472462963269,0.667672067648655,0.6306058645432033,0.09678188870829885,0.4432652434511859
0.9316953758382603,0.8703558334948164,0.9005386314430872,0.26174507652168555,0.057273422667508234
0.01073993738734591,0.33894716974688943,0.10292621953101722,0.695864315239645,0.6097422018309508
0.27671483929436236,0.5778280752176147,0.9533268669127465,0.3305945194992391,0.1863984445518333
0.8543130182263089,0.1229552123008415,0.10732016557551038,0.1931595941344294,0.7387733134482503
0.9946182652055952,0.5448481538457819,0.2479184369997608,0.005616479936923491,0.2972690239860474
0.07056665355535019,0.05896001160931519,0.699303747250829,0.4675153185381413,0.6309743201438227
0.5955718090142269,0.8784243342829028,0.13628704428900473,0.4159866020492379,0.8572215313017133
0.02992210497543557,0.5742473528057825,0.529973357661743,0.659630397236662,0.7075676870686852
0.8692779065283459,0.6251680667083875,0.31508228072212685,0.1721528745955614,0.36382182072655844
0.4704126347624201,0.3041515961023352,0.5652406362553919,0.8463873093426476,0.7032009226170323
0.5842645063410292,0.15990279065355062,0.2807678216954125,0.8316041744301395,0.6785451772871135
0.1394888526536715,0.027857074130924087,0.45923969290437106,0.613400543114162,0.4480368017921855
0.8812862810279521,0.43919923260182214,0.2708663687591355,0.7860058728015566,0.6598371306477859
0.7664333654049997,0.23002582411687067,0.028521847771493802,0.8078031226208333,0.26480034241791073
0.9290513220225277,0.1260004387082837,0.8359239501550625,0.3758160631063602,0.946079252603411
0.7747732528548996,0.21865868751769812,0.2531860578099664,0.9289693436135014,0.11519976678430521
0.8305168993062747,0.07246122830060608,0.7365909901601428,0.05537197100942459,0.7858906025118898
0.422093596886173,0.9932019593260547,0.6110296796434453,0.14609640339095964,0.6227004195005263
0.9502989514223344,0.06509695651050651,0.036468846797939936,0.8163971921233696,0.7987668620779844
0.6865307465722728,0.7461799331943564,0.23894958710327618,0.6409365978401002,0.16687325264332775
0.9741810432067529,0.184995295491723,0.797506948164518,0.7899141760581088,0.7918577981867093
1.4386001661592651e-05,0.8633505487883458,0.5935016217760024,0.8807353448576813,0.6265448366055812
0.35399925138389055,0.4953641345635472,0.634523382162039,0.49635496209701435,0.9420286314973244
0.7282390964024303,0.4037899937564243,0.9028686010496578,0.3127889108251063,0.6959106903659809
0.36773988540942437,0.9871241605037925,0.9013637688017299,0.770399387631601,0.34436361285132
0.7245970585225492,0.5523238305276987,0.30859219505170077,0.8352412615439874,0.5815164574766374
0.89531737747723,0.5097542502867646,0.6781174094989728,0.03916677826066639,0.7461982753023442
0.5450224011881879,0.9424748918203406,0.5576209466787412,0.11261820850432513,0.11186283029778343
0.1552728918257258,0.8055668905453317,0.8301478804549395,0.9118775038404413,0.8590256347719031
0.7994035637178213,0.8627600921066998,0.5795221053384682,0.5447709930993353,0.37748986506102244
0.30011737918481685,0.15706641467549998,0.028329911825596632,0.1663447427448581,0.2248017481820931
0.772795916204221,0.7176591912082172,0.9743231017695165,0.5854539200061105,0.682049680639995
0.3225016343095636,0.17487080264551946,0.6563710825373131,0.07019889908295252,0.3330672252937521
0.5217599049854719,0.654581373347402,0.7947936413809555,0.6033904103706124,0.35627324597063437
0.08509543805272946,0.6345311179010125,0.6888930404076955,0.09002764264686247,0.0796266788505482
0.9864874831579648,0.605641180835677,0.8817454860033574,0.009292915126323464,0.03793855407526403
0.3326378676047944,0.9063495150544257,0.16408388561814757,0.3199153536037994,0.38944695438514376
0.5077207110940496,0.12322269024457078,0.35380260879593894,0.31207292094375394,0.40436660483295817
0.4259729407384053,0.9409287403016704,0.15152008096153313,0.517686784831875,0.23005434010661807
0.48399590553049776,0.11662836071230176,0.9538232786818232,0.42849865277527033,0.7599831555803634
0.6252288104346069,0.5901114588679575,0.021547767939791962,0.10579693355183306,0.1271915364834284
0.5645818606273552,0.02423578504430357,0.9958186640104251,0.9252173822988606,0.04584774445609552
0.5129027935361119,0.5794437317184155,0.6219225461240978,0.523812414427054,0.6749328893342027
0.7895375713576746,0.751784881758322,0.25555339551575107,0.016002928057592514,0.0014932028686933663
0.1580665473856515,0.5421938773235554,0.35990911938994274,0.18967640390797558,0.327795871859455
0.2976584889164482,0.7161201065724428,0.22515958494218125,0.4380851114591845,0.7328454858062601
0.9270704143611515,0.7858410450727648,0.9685926151391937,0.6756922689759209,0.6466602245279953
0.3525455689265221,0.11785273133170382,0.47032485771809085,0.9566171680030839,0.4710539751520033
0.6028715132426217,0.7147346266007653,0.3698845822700185,0.7416081238135602,0.34532540107773335
0.1555852030340309,0.17916700591388524,0.47222033000172847,0.32132598562415005,0.5012708019019043
0.06688929144516764,0.09953507216042845,0.7906068568672987,0.3019584953836455,0.4814023679291969
0.44575460156351887,0.15221727581246947,0.2043952342717562,0.6243801521058785,0.5206860438477546
0.36407615518597314,0.22565138045931687,0.18644236464142938,0.813004890483293,0.7307338932141141
0.5274138391323839,0.8188173554117987,0.7697850005756219,0.38430967747706557,0.7171737317236663
0.05317654991677012,0.8265570331429029,0.5582245290020275,0.05179343541466519,0.13787998298313642
0.36278210618193085,0.6492556014817724,0.6466858470039635,0.1019306177121847,0.8510196864777032
0.7392478794046803,0.7703225195782095,0.09243119864746308,0.25446446715502136,0.07442969906436625
0.42828310553326865,0.8728033735515986,0.9077990151070611,0.12495343772031786,0.3959436681282358
0.30893674699468876,0.7210477517720008,0.08182151675809068,0.5941387004295692,0.4912635332043338
0.16282082634570216,0.33928619378644054,0.7894869936483165,0.8742903429623589,0.14826465464436234
0.7806499794996209,0.7247370922005635,0.34786289992859487,0.14570955680339037,0.010658129207826827
0.939073041556316,0.605224670562334,0.3233248540209812,0.07278339391272803,0.610072138941497
0.3346499812697602,0.37371135838528335,0.8953342881673882,0.8861294761914242,0.752268126893591
0.322646498741622,0.5627730218043728,0.976060989462098,0.8393956467731877,0.35569940178196013
0.3092636022631293,0.38750204761197704,0.39286501847641564,0.3284866083024076,0.79733703644521
0.4733428267316053,0.9625901740068383,0.5901604680298161,0.12312837808528654,0.9771862319875363
0.09856457744856972,0.18491904080755395,0.9046604286405568,0.2612859478627111,0.848306942280473
0.7037989544838187,0.7116647949852004,0.005791963693263957,0.914962023662114,0.4458362357964847
0.14759172758979477,0.5940337284037869,0.7172005225744594,0.09977302192826132,0.13770573099994043
0.5175446632418726,0.7754838856722354,0.6360203722184866,0.11686799354895261,0.4274315676693816
0.4336982962559829,0.6395791591984935,0.6215288550703417,0.37982144717862365,0.3532133962377225
0.00031406742827078116,0.5676872411664367,0.09804297239811577,0.008013208220893797,0.1927276183232176
0.6641565604499956,0.6498314882022252,0.18172522013885395,0.14954518111484372,0.41041801260811817
0.3192399223817943,0.33706139526443757,0.034759106403007056,0.14174235705596905,0.7529269975363421
0.9398028133013475,0.4209700282053197,0.6967475728288399,0.21944885211806897,0.45990572788677986
0.21966307331741808,0.9730366859470052,0.29680581121705907,0.01885588823119877,0.6085075961693573
0.04100180872393944,0.8494330559299832,0.4385950070424869,0.4579869715318011,0.5680069153928817
0.7977188332285287,0.8587188290959193,0.6720663211268133,0.2535672813258554,0.2460286193734058
0.1005903459550741,0.5027136381729156,0.42649631114662556,0.17925960944451336,0.5877837049048691
0.05652804816027346,0.0001280395568517001,0.5598363847068518,0.37276320418421394,0.11958138578484223
0.5845377110351625,0.6419374955001609,0.5954476123490664,0.1535922427368427,0.7052402957252644
0.8769685358851145,0.843691115316708,0.38710972405438915,0.9977349893998598,0.9842067079857449
0.3754179545457097,0.8533947847223271,0.7220958040011001,0.4394059768602062,0.46215869889143935
0.7009498888432262,0.46122112553669403,0.4836959773940218,0.3019557225187143,0.5282914170349471
0.9700893251106417,0.43634965199551556,0.9427091895179803,0.44286382055726536,0.3522508784448588
0.12683250229727827,0.5873666291759754,0.4847661389515213,0.12022568105763154,0.5877561831657627
0.9622604601851455,0.3372645066731763,0.8749423684453007,0.5720057317554058,0.9438164635783395
0.4231810519976137,0.6802560481635725,0.8822113944018548,0.009003882418933462,0.3945350340678244
0.547983330259722,0.6540925627527446,0.733176941108704,0.733637279859796,0.25828010797032985
0.9619844617672357,0.4470502959595638,0.28073665365802825,0.28197698071450905,0.15103921083724914
0.18214171349442754,0.768498217621586,0.8942752678577014,0.552574716011655,0.899246445498143
0.770305752519346,0.39568429686746576,0.7257841607965865,0.3693140373677858,0.016486015714919366
0.8245901912246146,0.7998237391828372,0.09983633754865029,0.3802016985923363,0.5222227920312625
0.15633479237971282,0.5647211478126777,0.753622752770923,0.2599523551239745,0.5358775921592488
0.789147699439079,0.4565126237594247,0.4828276124066765,0.3213998432678842,0.8564348590090374
0.7220926042623678,0.023640531579654733,0.6867114931246048,0.014526336567240339,0.2717045871796796
0.9407929251581343,0.10988448611671431,0.7839169287298169,0.8976487811012095,0.07252640255235998
0.368020990392781,0.5717516301597231,0.5966312075834055,0.496320716824147,0.34622862492185746
0.9572279843773739,0.47951709480396965,0.40751333300623616,0.08162987829390023,0.40402725013238894
0.4069050119845681,0.2152364032576456,0.05603288619838409,0.6913282219647721,0.9192197151634718
0.9107727955775822,0.658834713565627,0.9171449432261415,0.34272542184869814,0.5537295809887542
0.34322335918853986,0.3928082237272078,0.7318060421464949,0.8921399270343189,0.61931437490592
0.424731122840872,0.052123043612133935,0.9444076489751116,0.3117833936637108,0.1959042832998218
0.23770358750128884,0.7939087543260797,0.893756540875333,0.7696046360906109,0.840067145201645
0.7419231255182392,0.3298397333533897,0.5261500123200809,0.2609364365224359,0.8077689436248487
0.4884934251980205,0.06385008403203585,0.6165175566299059,0.4942382257371797,0.3265795955166749
0.14834363369291315,0.28798956523061225,0.3433451613898145,0.5929669880211718,0.5576062983858839
0.15805584718608368,0.6569407450917056,0.12569585530295768,0.1561179247953669,0.877990155109321
0.7310835215778057,0.5128710841385766,0.7039448174826378,0.015769333938637664,0.7169296785345867
0.9822123970966825,0.8328458462256886,0.9485581600518371,0.3550673017533088,0.06442441884025696
0.30522550805212756,0.7684932266089838,0.6889663310859439,0.8882529535234199,0.025885980407757025
0.6692263440611703,0.28979319303869533,0.2597807141765598,0.7411025536197117,0.8144418249759707
0.08005806153346517,0.688132604485593,0.3598250343214119,0.9148295443275964,0.04895836818119026
0.6927307005154146,0.5690393885433466,0.8995444113325766,0.8387640511034483,0.16961557408360106
0.9669549709517877,0.9215921847722739,0.4078047672657925,0.6297771815934345,0.8586912137761047
0.5090501064232177,0.07379954805122957,0.3534588244754212,0.3895924650388385,0.4454883770908159
0.48321735454583603,0.39062893395507114,0.2443436438400537,0.22576497200150125,0.580991609519606
0.13964332577013505,0.1444504324268946,0.5008979075174298,0.470101695377388,0.2603901987492885
0.25858374244047455,0.5556159036117071,0.04700649539135571,0.2965833470154452,0.8610715037522914
0.17931150587497457,0.873157069907394,0.11187009096212508,0.860386001379736,0.9098370834992032
0.1487015958480149,0.737364847868813,0.6501263524477792,0.9007178298404521,0.9002398174286182
0.6668170692182483,0.3222071120836689,0.3755254860883389,0.47833538977594847,0.7104286597658743
0.19343039824353503,0.8123044738784146,0.8694825560938734,0.600733028189655,0.4682747453330506
0.1399801378531037,0.1959851208311899,0.32745869220540225,0.025356756645027678,0.7622150664302296
0.732403670012916,0.04164079783511354,0.2437084220075726,0.8133952646225115,0.046367508225231724
0.1716969810955793,0.29529371910195845,0.8258948272265084,0.9338018549953309,0.9161276854744829
0.9127346436387088,0.05392581624032422,0.5278704102852021,0.7771837289654848,0.7629778482646424
0.1418183979126123,0.7583164855465285,0.762847012858281,0.7971511769706391,0.5124316449051969
0.6608854108569102,0.8765686276662162,0.012833846109581049,0.7978274161717978,0.9567728580505357
0.4329049301437796,0.3783796538573815,0.6082898386026384,0.42458620723481455,0.27137454835855646
0.6181072516901975,0.6427525932661573,0.6722609131381481,0.4292460601284315,0.4337385745265522
0.2411068062262749,0.356796314893689,0.7533846164549497,0.09255749872328756,0.8911418517419708
0.6944269016325114,0.7849741037898503,0.8003119492112846,0.5577153493005671,0.9203457335043839
0.676109054923851,0.23401509974095336,0.8796569728914464,0.8818959781004889,0.8455440496272606
0.24090870746244908,0.6159463972017231,0.26354769339289374,0.5906720206908554,0.9653849787835149
0.10079508561197881,0.3041016970028335,0.46156703272907773,0.9543140948833804,0.5865113121206496
0.4995159339389871,0.4366994770360111,0.714934943339947,0.7678546529856958,0.5708150957412216
0.6603796339364794,0.9840085037548981,0.6076755386691711,0.9825111223337721,0.8911139535755107
0.6438448164012311,0.4879618499815068,0.18328067719609875,0.5915108108287562,0.903248479187401
0.6939512653754124,0.7599653543971779,0.8674943591982031,0.2781825708512776,0.9352340597821687
0.2254632685318001,0.41521131614047424,0.5191906407868978,0.8351115835314092,0.23164769378364813
0.06554667499318534,0.3403935339769787,0.5217527019483271,0.7372559676324217,0.35284674096842983
0.4636229432384483,0.630413561595509,0.7224373093053387,0.1565336528329232,0.5645258544377948
0.43090067613222616,0.796933103815703,0.3257132463242467,0.36473824898573926,0.9637267728564948
0.8009715215590641,0.8919905380891295,0.06312395463413767,0.08793356790529516,0.2792599899116497
0.03434879111602951,0.44007418049788427,0.8147761415962319,0.9622246582217117,0.9366513136913874
0.6700287575058912,0.7478307091487415,0.45139939163283904,0.37992709887940757,0.3264928937722499
0.7975198726795303,0.7707501621078481,0.9898136984590932,0.38171121468790503,0.7838291105176046
0.40783846594797135,0.8947106189241582,0.7674868354567073,0.18188710856966295,0.17302462185310152
0.9564657934804877,0.6726117374147863,0.6561070742552211,0.7710381678863187,0.7224087267593204
0.11797020959853155,0.7326121510817654,0.26539914094730344,0.7525438611812789,0.3292525080109159
0.9654814199168573,0.9733833688665241,0.47687784578757764,0.19450434389908466,0.9387720665123973
0.7534902678889371,0.80124997886065,0.11455556711033055,0.4099657848309808,0.6025103332245184
0.890533625063765,0.6110280545955812,0.6710744238562206,0.01623561331027301,0.5115777663505255
0.5350825419450205,0.6261963990077092,0.9728448444999154,0.9293931004882326,0.8824174741061598
0.790763781195381,0.4478519990668399,0.5399819780820693,0.9180490578898556,0.09353276442455949
0.6037003805249364,0.5250253290300433,0.7127578384304496,0.503673857207651,0.5661676007966852
0.2978919893271641,0.6292559457194172,0.4976595353742157,0.7288803373332517,0.0038278129445572517
0.10099440208433363,0.9083792174353508,0.45055934707657286,0.39128647232217895,0.22757072616988405
0.35881093741410697,0.6099257296372602,0.4223473587771881,0.3002365442665923,0.3352760809016878
0.8307386961126313,0.4343544511811084,0.8901303796273738,0.5777441547204403,0.6784334055738191
0.0869906513954457,0.899097528876202,0.4558385553426375,0.08063350159647986,0.6552164722565126
0.952597826765293,0.953591250538657,0.6260908067849924,0.6239110220369393,0.2220776833521142
0.6183224756002281,0.2995675168590377,0.9758305670142623,0.010600622762393819,0.9347442222235641
0.27797344853522366,0.3766556336430038,0.4899303692557023,0.4178578763859635,0.13757665271774777
0.7335565773313386,0.9360959008112184,0.17868033937338657,0.06432821206833828,0.05404335632597934
0.3582111838336087,0.681066048032166,0.1460585763634682,0.704852181903101,0.32397008264887484
0.16796314892548836,0.36826568165325757,0.38081255427499905,0.28207814172136825,0.7554568085037437
0.38506187383037105,0.11160571006695275,0.2751736876429023,0.4839914836395198,0.09432606029650736
0.44224586192202986,0.42879549347702206,0.749928057031788,0.9013607114157548,0.9504342551403976
0.22392655161745867,0.49667986307260226,0.2663876035211413,0.11641820990465279,0.5949732320208754
0.5268869522161791,0.13040539667300788,0.9587218942084169,0.7925487204698919,0.7499692670093678
0.21100957542607401,0.6668738701270986,0.3595243818773889,0.9310407267033081,0.03770807957445188
0.9896235745382531,0.017986705011632464,0.3569854526629156,0.8987855669589802,0.9165656907852147
0.33247179108478375,0.5409639520472196,0.9113880836752574,0.2871677792102788,0.2751407387930056
0.48030775669495285,0.40164280956642384,0.15880128565564344,0.32495747422025645,0.7147809226702058
0.4104320160174648,0.7226767032293016,0.6833915538646561,0.020616247481800132,0.8141446787537607
0.6179969078052151,0.4029460264797151,0.6927564346307791,0.7632967965683058,0.7976059199409762
0.5716454092471926,0.9127546920432478,0.21142551549469368,0.9379869654279442,0.09257251764549101
0.01465889033369272,0.3518675434794265,0.08563988472152229,0.9027928365751576,0.6838930768782282
0.7439325412799728,0.5241580428439817,0.10861152292318543,0.37830095350841464,0.18737230242848346
0.21684962871393798,0.8863219199396496,0.6743555613738934,0.8578195880704234,0.6186163510328937
0.774530926184658,0.4208862306997503,0.7468303496944627,0.4986092198307086,0.917059868129345
0.7456291614134049,0.6799852690935041,0.15952231360165625,0.42515824717317374,0.6464119707878125
0.758498083478293,0.5600777474678055,0.11041670220677313,0.9425414104508929,0.9461383510100836
0.7089635689506308,0.2982534734043103,0.8710527613612759,0.5631322938002159,0.8552269171092822
0.5133872541883131,0.24430433742031454,0.8400191966779808,0.8990102489599394,0.9201575799529307
0.0834212194069015,0.05443431478406302,0.9099486518959982,0.8815449084820292,0.25947097721645485
0.035797263153923065,0.5608398537318072,0.28535136833385266,0.40922623817519177,0.9854022919091256
0.22236283299827775,0.9529066673631119,0.9437890667210934,0.26534979629127287,0.2885960898952986
0.10825578155292737,0.2238352550068614,0.3346135291563308,0.4201790417584027,0.681405470332082
0.7342909992995874,0.6995369776394362,0.4777034857037513,0.29797587135538717,0.18507559487167924
0.06351902818128863,0.43957507145286734,0.8351715321579068,0.814271668093134,0.4253296203734096
0.5294059669581268,0.821708189163165,0.8603114902994612,0.02752304709136033,0.055907435008274775
0.018363113850338064,0.23301746616862729,0.6931097358636772,0.4761596830999968,0.6580379811357854
0.04567033578638957,0.16190846678875348,0.3646517747645559,0.13558465688764643,0.5518329261633853
0.9812756308500725,0.5915424808432654,0.07505048661228131,0.8789890706783358,0.559776776681469
0.6967206935440469,0.5040268577862297,0.12226169846114432,0.4542922050139644,0.690113346630613
0.8391049987405335,0.20534848221915025,0.011529237003848336,0.44142611229962925,0.11987695743509674
0.27727680910141816,0.06699061483434221,0.055859981689691085,0.579884715335328,0.2387481391044859
0.10950587702351955,0.8125068794662219,0.5519054202694188,0.7173347848565654,0.8345991821645095
0.2514849806638201,0.40853806000696236,0.9171823917494707,0.782166301549081,0.21628981289589877
0.9228306978860912,0.2600866934236352,0.12852167551926819,0.09629594183973178,0.6976244680179347
0.04744301148651586,0.4749021690292451,0.12243511526860651,0.3644142287027323,0.9255129763456793
0.6723019856150411,0.9303545616451625,0.5603389276377511,0.7975426887278018,0.623588706575478
0.5536715661080753,0.3819052995641129,0.727592281423755,0.8192623952589714,0.31385023215723795
0.022866659057820038,0.26532761035441665,0.031077574638528338,0.22241122595179175,0.44719747776074015
0.6933372526370357,0.4066171851295123,0.1398132122182243,0.9721268896299075,0.08726746353202253
0.43574932774645014,0.8868256588429264,0.4594167460845565,0.051873776355559564,0.8850819102480523
0.6789683819174046,0.9420336269213891,0.5753211948439604,0.23587462686923455,0.8028881162921208
0.9078085017290504,0.730164768283645,0.9262975590115429,0.7982679426934572,0.5786168683010632
0.4370385215281122,0.5075054162830097,0.9667085531848284,0.7378221042923732,0.6468838176661855
0.9222375303173106,0.4484807187975074,0.4248307714829689,0.02636015360192745,0.45723446097272646
0.5218945657735059,0.747076198593111,0.4742853400492494,0.20738335183308576,0.7788849313630112
0.9854764249259634,0.32496477008585,0.6653332643657415,0.9497376415476754,0.606884971106857
0.8475119301840666,0.31938007102984156,0.4849592892193555,0.5557959396120469,0.491971459342585
0.09850192952964987,0.8031841477769669,0.8960277373306575,0.6333788235838799,0.28564356330946217
0.06022890104733325,0.14982480230674677,0.38836960252073316,0.5248757355759565,0.4282554279226155
0.6093087086519682,0.05332079140262158,0.8794890732921419,0.4927010786466398,0.7559946608945054
0.6150549449981418,0.9077313020189152,0.8520919111723347,0.3896363892306306,0.6649468578955573
0.9624921184081349,0.6489613591447959,0.6519408282187685,0.8354661174780814,0.15409763901594298
0.1555522270275329,0.6585453506463748,0.23819097653331023,0.1401218143359606,0.8819682357380706
0.535440264505437,0.853080314307647,0.025981463967331586,0.327973905238534,0.17479530839991264
0.5877886868483345,0.5833452621116413,0.1418215531843815,0.17714423919022282,0.5358920587887082
0.09380882549748704,0.8655674468403984,0.6995689279135856,0.40518108072853043,0.83249007766158
0.8796253762428119,0.8960365349709157,0.7602965573446562,0.8139980873258056,0.36072402996062547
0.5085274417850321,0.918614378426311,0.9654519377752586,0.009045672662533644,0.1487368396318013
0.26742328451735964,0.727896255285533,0.07075773072945213,0.934623841363215,0.7318904519657531
0.7734521073027152,0.9594537773284751,0.6278605608054056,0.9383573000876867,0.8627755454819976
0.5749462313854616,0.4042754070208002,0.6033596309480728,0.9477641914966305,0.2531867764990091
0.4000589461959655,0.33558189683856077,0.7895896923909167,0.04164753148189648,0.521499618512744
0.3612571097509929,0.11891072208641784,0.37607897617659714,0.04637484925148316,0.7036003558358985
0.07450217005939619,0.2549757634215929,0.12556378906185905,0.8312688807152768,0.9306144759389104
0.9297878557558934,0.9541639360429807,0.8642398185381025,0.16410250413095506,0.8890718208184168
0.8485000941661507,0.8850210347788163,0.672995233996742,0.36523568489778,0.3779284622795459
0.06927461363147924,0.9705613693137375,0.9960481628175561,0.3881882632489807,0.9289739275187652
0.9009795470408308,0.32906087679149953,0.5221207929316725,0.548345947411641,0.6013511766772703
0.8023990679580035,0.8041491288831382,0.711567003683691,0.5622082848988723,0.65405140858146
0.2465416087697403,0.7965705439560651,0.46679580267562515,0.2749414656416561,0.7221923054151139
0.8260783469067238,0.8898287891179983,0.8871512484001657,0.35753739309598465,0.13487159446528463
0.8871268846745194,0.1337626075450986,0.2409350119125776,0.9343184467159648,0.6716221336242737
0.019606870588822378,0.9663715263896446,0.7056397154483991,0.3324787120363407,0.12599899812177662
0.8385813569700199,0.34335053235628055,0.23751211195317823,0.7510623499382585,0.15940025424783455
0.5496588005036505,0.17089489617551956,0.9404540077820062,0.29664456489459246,0.7935090309146458
0.5398113250126458,0.44779309475703766,0.06448379975091911,0.6872053421591118,0.5717931955738706
0.7609663675592834,0.4500047206053144,0.6687726922253278,0.8066531697707606,0.4947398225422993
0.9432238581403963,0.5878605819528699,0.2737951750437563,0.4050878279391208,0.651279082754746
0.5084819067233877,0.021338050101096573,0.46569655055983683,0.3665653950725738,0.6788895316183395
0.06208511796317007,0.7182002133055702,0.8397478326219736,0.07056073876112923,0.5951222163987022
0.8775068632314227,0.4303424707768092,0.05709699506322019,0.9000074646495109,0.8356489687853774
0.6803887368976475,0.7375629866606157,0.058194168544044134,0.4995191187780559,0.3768089937814534
0.505360201497513,0.3496594260794773,0.639641439826722,0.8192596135893456,0.458468422756634
0.19760223374630603,0.36478218973570375,0.7181190729573402,0.9021313188170728,0.6621378715882374
0.5294586835646433,0.7519166888764267,0.53795815061272,0.17240280178916179,0.6529269928839767
0.49480260340466053,0.8636372261180811,0.7809053293324675,0.8794762585681158,0.7917156724241079
0.8045827567739569,0.4896341942406959,0.7996938514147511,0.6271178794191873,0.2906983375613058
0.44887202808934423,0.6198966330174552,0.02497450019662595,0.6410023447689476,0.7304943502232241
0.2653931135328579,0.5784401231471811,0.03136232618887236,0.9063624059160612,0.6849536007831679
0.050091758957138355,0.9608767941818204,0.7605146704198231,0.3743493478678789,0.4077249730984942
0.24723017888000565,0.38788447518188307,0.7584494662742857,0.04114630673995734,0.22686790915620847
0.8178449504284844,0.9093048799546595,0.6106099864990505,0.6355069953191738,0.611730197181623
0.21582645676232337,0.7269160832932948,0.00301769438219035,0.6710107250619075,0.29509021066023355
0.047715066371207704,0.5392987749522493,0.407217520953464,0.1096714182878209,0.3574249517959376
0.9562723059967015,0.795627737882167,0.3173491762007433,0.8568529522333895,0.4817858767138663
0.2975826621679968,0.5593595467168098,0.18941183742097245,0.7240255252928119,0.7579868116724794
0.7258024099669951,0.04925016793046999,0.8212040167374911,0.6014275437855734,0.3012149309174348
0.7464937529571553,0.052113300921649564,0.6642562289247738,0.8364184770236773,0.1607577329461608
0.06038213060930231,0.19183692872186497,0.19603517123573644,0.5283639555175087,0.6112424419325265
0.9855349114880964,0.9924661082532986,0.5626482237758181,0.8245853039370246,0.8763812415846151
0.6352542819112855,0.30660111111028865,0.1192036691112407,0.0507767144163469,0.088874015417442
0.20734982535844382,0.28853038092677474,0.19370007536298983,0.3464095820311551,0.8910815065674925
0.5460363366419202,0.92678646176136,0.20627882380859142,0.15227067018859675,0.968379343814171
0.87486120777227,0.16290545594160366,0.7193258071474805,0.7133559571544287,0.1270953249780018
0.7477577448703846,0.6660572680672648,0.25723809847338797,0.7406185765438424,0.74098958833022
0.818020866647623,0.9034078203939498,0.10806619741409051,0.15618604647736323,0.19711242857052658
0.22643410885459758,0.3492888107762817,0.6430831445677202,0.9923426659334501,0.9328793931893947
0.24020952438380305,0.6454958897367226,0.9064197785890411,0.6920267104970466,0.9251741803185384
0.1982659351795123,0.3267817403351385,0.48216808457565274,0.47578968805654775,0.8494494255796069
0.5867028427220156,0.4784316719253182,0.021755823305701805,0.4901306877506957,0.2737300041347236
0.9395170227189581,0.1571042543952157,0.8333744633181517,0.8648130848607483,0.04332022255353474
0.9165448389873426,0.9015014332764172,0.2994504315211405,0.6416798416056472,0.7656560854713564
0.15033830323202546,0.03404924371894025,0.6329690219826177,0.5402191635032416,0.662728940900897
0.29432581880918884,0.3308699669486045,0.8890492775174476,0.3266671164661572,0.6627260260315354
0.081611032283334,0.07121737583378818,0.629840376464808,0.47377268639611747,0.6153146298156458
0.7123197122044869,0.4608710615533199,0.5780017830151406,0.10631484059113239,0.3366640671903234
0.6009646088724939,0.283964889768863,0.6028602274864395,0.6046095924189167,0.4504233277350663
0.25800577386948575,0.44997938819399985,0.38568782146854597,0.7713866457169529,0.41664966521948676
0.36561756774224896,0.10926838693557483,0.05290192939996996,0.6369276653627036,0.6235907412423111
0.983063421842867,0.4195866993911459,0.6022907235038854,0.057592007076198715,0.850734129575897
0.9388018159807121,0.4430005425626895,0.9846002996070985,0.7796620348578877,0.8501479857947409
0.14600569312380507,0.4489369643153478,0.5826889818591738,0.19361808338038045,0.7832717679495749
0.8518720856505821,0.9001071144252001,0.6462880561387998,0.7278364977241973,0.2649090287455952
0.3587366799580396,0.3186611842675706,0.706179480596472,0.6120608864861922,0.09570507000990847
0.7036168204963303,0.9444813093768221,0.918042333413387,0.40805496931083063,0.007952736942077432
0.5325883117714179,0.1850730335597247,0.391865621337954,0.18102544959205535,0.5119744683828448
0.20812537238024875,0.25393057644921235,0.38806720216656554,0.6486616796840077,0.8272881865935491
0.9575298106433304,0.16267174798903772,0.3611381016653775,0.05163790892447506,0.744095991435917
0.15371986579048502,0.7619199834444195,0.42598844000191793,0.6727457143323445,0.3032866885546377
0.43879571304898113,0.7411408442294605,0.9491403784514107,0.2783174385924039,0.04775556329761044
0.605786648187173,0.8035513821454529,0.5707278622914724,0.15165948179377875,0.6512321320181306
0.166082664697766,0.4131443784235873,0.8323721905815452,0.19625025153883346,0.4667787537137629
0.0233345854453757,0.6366092402886248,0.06270108258578477,0.6261268518483989,0.0686518335275157
0.7579416897924467,0.37411132338870545,0.7595528319472944,0.372635404947101,0.691610411047569
0.9289615529447646,0.48732162644888155,0.3508604512435177,0.733401374673003,0.1738869549847355
0.9842181117174005,0.831174644692959,0.24164346976240203,0.5730670160849501,0.4477781562526688
0.6064623859401193,0.7064921563911537,0.3109256057311447,0.5976360176852709,0.35709197909265167
0.43537324496067453,0.10036768932901685,0.15966154911464536,0.13330785863121508,0.5844221972819904
0.8824351071243693,0.10867274853202458,0.4250229149229573,0.35933192691029747,0.8182061312003357
0.907346147316625,0.16044547405557308,0.6782776762812472,0.7198547541000259,0.42694159159895073
0.8248894027244077,0.5146237232913408,0.6914749301012381,0.6065501854579922,0.05731744204944178
0.09041747755752538,0.9872877322020618,0.4432998786012098,0.6175174421924214,0.053500624241130224
0.2840744226077675,0.07414271010822915,0.3491405011565737,0.5791227496445295,0.8909664599103492
0.03035580186138176,0.35236102022981475,0.7604816773684856,0.28586066263517085,0.8118781337324227
0.7804864910081238,0.5542901131029598,0.04088024025241743,0.1724604241074581,0.23601450601126894
0.9460339129621914,0.7738094375445348,0.39276033979185354,0.6868130810068834,0.7258644845389788
0.17411682242505122,0.5790514034817749,0.33019341504231703,0.7758308592419514,0.04279312584243922
0.35671432415926574,0.8271018509129159,0.7721269564670981,0.6661923528908806,0.6936828301675242
0.14681664945858597,0.3331427007673562,0.12225381192309337,0.14717030920102792,0.8372564169391056
0.1797690472941318,0.9645211070065906,0.9123367468322376,0.5421252794172465,0.3012665362012722
0.19321000445390846,0.7030337918752143,0.23069227523161961,0.43201866096156094,0.6239885644596406
0.8991788678825656,0.10788731255068817,0.3010890665518928,0.9669870051449462,0.33985029837653424
0.882126762359806,0.45745157573305806,0.985298805718441,0.40664354358759225,0.08935137403012294
0.753633213193745,0.32516987735042824,0.6550928842289327,0.6859394401819878,0.7736217053027764
0.35498317950956126,0.5833336656833951,0.15364960571837338,0.44096408660968,0.2468086584150072
0.6983367768326906,0.2827715483561567,0.2858373609980581,0.42963964596218607,0.5415548089444289
0.7885791252113376,0.34383080093096796,0.07077537024924996,0.971478829853157,0.7278076467696297
0.14840113414920653,0.5951014268907209,0.24949564092265308,0.6980236709652732,0.7499397006312363
0.9130198409763031,0.9106965114955168,0.927798054754584,0.6176835442439258,0.5625455237999886
0.07081409655039117,0.38414476330013414,0.4263374342868107,0.7377360878642993,0.5123182229639591
0.9012889753453611,0.6788862587459831,0.40882166284427,0.8736731786210872,0.7535483087102531
0.40027561558790914,0.545898159095342,0.9296113285259237,0.9802841676798766,0.9705718238871357
0.6153795788755532,0.3585362506908456,0.8972876244312982,0.7012604449886404,0.6466609836008572
0.9470011094642716,0.7624201898515555,0.0007298488767245592,0.5047823065298872,0.8920987159698333
0.620119140750233,0.9618924236486206,0.4664462470761518,0.06052728295573073,0.7430911525020107
0.536891053245024,0.2027972364655779,0.7842459962138906,0.34031606145374316,0.7614175530449989
0.6352959837316535,0.842235996145137,0.8131868792183174,0.2670312278930185,0.981387326552102
0.605762950370143,0.7179379623650547,0.5935639619658412,0.10422761115193879,0.4836720752684357
0.22853677629763458,0.5042993661883947,0.8505873071611179,0.3763460780591036,0.3600741943836777
0.0986407279223307,0.3360280053858683,0.8505504425081729,0.9805619109621092,0.7492399182791596
0.25864117521326846,0.20738583415315082,0.651471584329399,0.12589746721668837,0.40476586989636
0.1758787226873586,0.7881495176997851,0.727118017199485,0.10579833449262,0.6836622341901358
0.43278236596185127,0.38915304877653834,0.33601309743210306,0.816347321350557,0.4757571068453106
0.23504454049897205,0.6845299013489896,0.0025353569241849394,0.10681906607047764,0.8304283810138279
0.320254262119092,0.9822225702211526,0.221353285230233,0.5109508520469307,0.25409277439154365
0.9660767466524495,0.9475289387338596,0.10178767409786427,0.9418320772250615,0.9150006127076272
0.3728383716542746,0.01247822087390249,0.9444301977331333,0.3415266723953492,0.6881568016485472
0.2769158886526978,0.8283676781108376,0.21097802633358798,0.7727915849915459,0.9164749019186865
0.8286772227451921,0.9868791178220991,0.5997004136842496,0.8062047620881052,0.9501435712399975
0.9740438206398843,0.5639404518961345,0.3587810889607439,0.6143435191035109,0.38689073555110887
0.14015519585602387,0.36666018584271176,0.505449496805089,0.10178217853889249,0.8003160433940955
0.8211314569341169,0.29959598816148525,0.35751219281974556,0.49962100206263416,0.6316751151827664
0.6866272415123338,0.988889955472221,0.8022737876744079,0.738246777122227,0.5896491533944732
0.9363533229328777,0.05746657478431205,0.7882623583728363,0.5866309138238498,0.3361076653489449
0.7699054577771683,0.9773426735537676,0.4031922102916641,0.3698809349734008,0.2947313295961117
0.8959705237510387,0.7948581894425937,0.15444089746835143,0.01710905934138085,0.12001942606946436
0.7188450762624867,0.324098257992822,0.3718934028450255,0.0950023962627159,0.652215717673303
0.3783664036280229,0.5655367709301836,0.7228805062872901,0.019920344569495874,0.920070505318987
0.2295057256437758,0.6074789088474138,0.6740492241260176,0.19230872865347526,0.6487997609089784
0.5082315084296468,0.038794220356093034,0.73793322083238,0.6992141959902328,0.9482295318617125
0.9769957008361997,0.050452254908869176,0.008614188211523266,0.06116073128768884,0.4055421707400708
0.5286977482131034,0.7290894287244446,0.21943928669135526,0.6708835093228938,0.720026708213487
0.7409200473125218,0.9354530039874078,0.31101587885271265,0.7644493929446022,0.7076832890377014
0.33409866302576474,0.3772465505530771,0.3160387749304989,0.36232526075102633,0.3467523546526554
0.5022419186708443,0.6380506893664031,0.3409040901763333,0.86164736462423,0.3007349154744454
0.6490043603617571,0.45234509656615607,0.5336455228503558,0.3906567071931619,0.514348426871752
0.9873314171527718,0.2208418069017185,0.728429579174093,0.5360497289454194,0.9732486696520307
0.19623551891955116,0.9944168772952707,0.49745131403943,0.5062666708721191,0.8985392357586475
0.8678093546891437,0.8354409965924517,0.9068795495848022,0.5508113851074816,0.1687733142690312
0.5052612973183455,0.3194978379583209,0.7295889013797496,0.5533071361398827,0.7347682982242403
0.17806729292874401,0.12097744814550082,0.7091130729143184,0.15630101864483603,0.6799658724325074
0.23103930317949772,0.7562582658933604,0.5369965491865106,0.31797547577686647,0.5120952136946276
0.49888507666457693,0.7702931255884079,0.9983546974220655,0.7885685653691643,0.9577293475779965
0.6510406583857988,0.08409093611867757,0.7286391291261134,0.43028081051247746,0.17507398082766967
0.06541220443456108,0.0715185582159682,0.9513329930260692,0.5422583723363993,0.4494520684610699
0.7817226434054451,0.514055495801032,0.6932082075427438,0.6151700701277594,0.272135460195159
0.07105265082400258,0.14487306408454603,0.738646016650897,0.8341283418264758,0.09236819183830691
0.3052438990218085,0.26567014141033185,0.7255371923474576,0.5293757093443762,0.7827516138965298
0.26646870648142473,0.5963937964399035,0.13915144456526252,0.32626970073607786,0.8480129159816517
0.8757449999993759,0.7276267790264997,0.35379545739740736,0.002592915282537911,0.7889617252604461
0.9434100037675259,0.7009602340215337,0.48143722087242213,0.9866356232592182,0.831251727525965
0.8034095685781767,0.41409021224605325,0.38684740488012326,0.6615578103336499,0.3122918246781171
0.8241380240182453,0.14890604850096623,0.7925413225328364,0.886798767119343,0.8477706120591539
0.7044232008935093,0.2792237175869755,0.4362889630566773,0.27827891938806504,0.586533191218866
0.3496116918220141,0.2083551357430885,0.3490365526917315,0.8003477847733081,0.13417599076408782
0.6410007530637013,0.9152651734202198,0.3738718666944749,0.5026908861141175,0.36986915553523014
0.9402897489941904,0.23380329139389888,0.5682612607442682,0.1073767566947137,0.5177299622019572
0.994595698227204,0.07738889311430786,0.8934774277001125,0.6709500969761691,0.6000792901850648
0.2835937607368998,0.34926451410856385,0.7068957217278913,0.6818583570814931,0.7908801648357527
0.6470221286523921,0.12213380901315685,0.19143897694357015,0.9414241587746341,0.8624684254941244
0.4156043247295882,0.48793134752267875,0.1817238798838866,0.09711046855595107,0.9057014312785131
0.12021055212672083,0.6838480129031406,0.15108232178537107,0.6228941966912942,0.32494881801070785
0.1282068961507653,0.7270378365000246,0.5953537984302566,0.35535089524433416,0.2330130651015191
0.5166771979409326,0.20366333488479582,0.7880438581278678,0.8553886822228043,0.8450642641248126
0.7166909245079837,0.936261959157428,0.4423784342686745,0.755527152945311,0.9439115888606375
0.9407693476728042,0.8859791901629458,0.2918197710386027,0.5173707896657854,0.7321808975457227
0.5211805334325564,0.21034989432124462,0.7564026699318732,0.007866619668973285,0.5058923391385862
0.8129954672942307,0.6780085176755086,0.9508115928753678,0.09363016179580064,0.5680251061350947
0.6528223075674712,0.8440649248229803,0.30909725404374566,0.8585935604210755,0.15002168098979352
0.9134086632254119,0.4046465800891469,0.6959359631672059,0.3679490549893475,0.10348355244106966
0.3480082467998221,0.9997526373717447,0.8631694759713893,0.7867427028656504,0.41540285311269143
0.1428645296067631,0.907462398439982,0.8089250766743292,0.4133766296673692,0.015559788554172171
0.8478571647626101,0.8493792917868417,0.9989575439417122,0.3468946923519647,0.9751755347841545
0.38153664547875954,0.21683978511599822,0.4506573172418268,0.9956352500318911,0.047669243503642766
0.2767188009710395,0.9726437549159463,0.5092080792994206,0.9823584585722394,0.26677630254536955
0.17288603330702768,0.3555503122403405,0.604415499886918,0.8253498448413225,0.8130391031162337
0.9932897554261378,0.47155457833710956,0.5012993790225523,0.9445524140414908,0.29155922815313307
0.8193333714315485,0.4286600777282268,0.7470605271917778,0.04774952433631163,0.49509196314294923
0.5748379309501728,0.0650950583894534,0.08689353560500968,0.3062931300741478,0.9315313711989436
0.7016928767743991,0.38729119256150724,0.9747605122898619,0.6904316440828028,0.0002788519866756545
0.1979901034086805,0.43007557100644733,0.974370909455317,0.5424253235665848,0.47361225937173335
0.9945785004616732,0.652373202615937,0.88248440167704,0.03004415536498939,0.17389400967376778
0.9102215330109288,0.14048080249451866,0.9193950590889945,0.13672971430183434,0.3710090663223238
0.1103880771632133,0.015029416265465168,0.9671133802542682,0.2773609115916319,0.8801085029218576
0.9432190606117451,0.7682510982769324,0.8753721572319714,0.5621176141617483,0.3423189008745915
0.7934072674527805,0.4507524554022939,0.9360122300659687,0.20490021297681227,0.5731895765680736
0.1803640185158848,0.4924236527546366,0.396853941825966,0.10644534692397012,0.19128370673537942
0.7626602316324587,0.1886879461852916,0.39609821099267084,0.586374442702695,0.30495037166684047
0.31274603075219864,0.16107013617751798,0.26238106078906487,0.23540432345659146,0.13791012689942672
0.8694568629328626,0.8487214875857745,0.06424041285409099,0.8520296622540126,0.719878821639946
0.20312165965298523,0.9427955955691036,0.3389991864489659,0.7619148171439044,0.5853384631648562
0.9456558255413071,0.6871319162692284,0.7719686496354033,0.10152142024588429,0.008060352491673917
0.45619165105722725,0.22249975889208895,0.11507234528841337,0.9408268683361881,0.12615456012047277
0.7228511473189178,0.167431840084738,0.7166213761202257,0.39280013171085937,0.18799100372556254
0.22573535678794088,0.5024591870850047,0.33489294278288706,0.054275085246437205,0.54478957432282
0.40396743566177395,0.8708063388199252,0.03812229923713284,0.03751494460519389,0.9638557163117922
0.12142739452561302,0.7296441026414956,0.5580789704032918,0.8073563235569313,0.8717486064923997
0.7932680240167587,0.6871356381044416,0.5922146344151438,0.3116514999680817,0.7844129872671951
0.9099532232124884,0.04742435395300204,0.3383934151239436,0.4970005431342963,0.09481037949053861
0.6138310604188866,0.02763599646456627,0.9295110917560321,0.4445215268301611,0.8838947231876764
0.854401684587666,0.030124016690644906,0.4868119116469767,0.8230174706174993,0.5441028374460853
0.3372318697695287,0.8742293402935761,0.16265398727348412,0.9428379602348976,0.29464520394852034
0.2670281431180177,0.5312604844263866,0.22352643005136175,0.8246600668931667,0.7728692466538082
0.8223898862653695,0.8244415660485521,0.7072691927229788,0.3974995224865213,0.7864325168584344
0.731837801473837,0.3817427533458426,0.697733295796624,0.8182244030000251,0.11793353219139513
0.0351863717198756,0.25535092831545425,0.5617361395631941,0.547501641125835,0.37185850815989474
0.46465883494792215,0.799894625032577,0.7611236412486316,0.6785353908473017,0.415944336573289
0.48913300120102365,0.4925805586659877,0.7390336148902613,0.8451795691378274,0.29742049245131674
0.9635598566163581,0.5504893931142253,0.9040218673797049,0.4192460008900628,0.9926113540139138
0.4498477974553211,0.994730434890887,0.8553447143859128,0.43436645375456573,0.11722898930987091
0.4855264769759904,0.5290960418579009,0.1923929594981847,0.6012455670870402,0.048218079999023056
0.39200147987226597,0.17901853447123584,0.4644262227688296,0.01795001210887992,0.018151564294194955
0.9946172670619229,0.5386096025939102,0.01121635756482986,0.7680599320112138,0.10768813783695919
0.4637557166198475,0.6738509682152195,0.24175972868369677,0.16561991377633112,0.17017391093841372
0.17853565173919417,0.4284704643853948,0.14468718736859454,0.9057665496594588,0.6855750840511247
0.6744002309522132,0.5071178613635632,0.7004357443405848,0.7018432356504817,0.6530015642653483
0.6976087128890993,0.7742450988847072,0.9214232199287411,0.7575094971621912,0.05439570665543758
0.3449318939629674,0.6344108170772816,0.8726328679231913,0.9813383729521493,0.04583071148493367
0.5866584502345834,0.7143994315093881,0.1993699385064247,0.3770537356014386,0.39237623955328815
0.2356147529470335,0.18673830129574742,0.7671297132201229,0.7117838824733602,0.6331367979388843
0.9227091274754515,0.8087566655977075,0.28375315197446527,0.08100227296625384,0.3059668340759608
0.6199561307799044,0.42492298051759325,0.029433504636177332,0.4136424203089213,0.8271223121074022
0.5779575439442987,0.18099671626000213,0.27935737648252645,0.37275784277791535,0.7324540130675139
0.5538287889687619,0.41577501257268024,0.7525974299397585,0.6401675571268011,0.9373756860639072
0.4433969919876256,0.46628831976784435,0.5835401685018689,0.01263695212206295,0.1829457162080661
0.38168715235341466,0.27865753460295906,0.5234866192016331,0.7522319183788532,0.9793533176598412
0.1415186206241954,0.18473158450823102,0.017853636064603884,0.043792470098340086,0.2395478665499735
0.9470094484990549,0.8326390613053531,0.5157462797517556,0.41582828860828625,0.8606610350979464
0.6422990241652123,0.882012680465063,0.2685548798972075,0.9637112577679428,0.42421975468394957
0.7512505470736403,0.19159795546218672,0.2168420604100021,0.9640311893291018,0.63973660752047
0.23013358675949713,0.575713208368341,0.34500956476079225,0.9313181332835778,0.416934477230119
0.46977330174008747,0.9161421866082369,0.6717252622489409,0.9422920338637146,0.6141798954883054
0.01934419353122896,0.32951780389297636,0.6733146966607394,0.43077991937748117,0.23901818599379454
0.7045438160260997,0.17593684893014183,0.19428980772664628,0.11904210272625582,0.6299771845490114
0.5517843828776988,0.1129121091769536,0.30143912587841626,0.4540213230874963,0.40300171772456084
0.21481865699506775,0.3390798237425642,0.3356239893655585,0.249954106560748,0.3159542723314618
0.3589460457123994,0.7900788546515581,0.42273242914106557,0.8286756070977671,0.1426043379181151
0.4941236328894262,0.40361718204324926,0.06729493837061162,0.9860760342186852,0.16275327685907337
0.13269781828893712,0.5875523906682476,0.24630105992511608,0.6628835454542098,0.9929254829441252
0.6718911293282547,0.725378918261984,0.7241536095302847,0.24482560050125035,0.4172835671394547
0.9607617584678684,0.14534110096092057,0.5223587660440339,0.719900876853138,0.18073801327998396
0.9850229926932546,0.479553720106926,0.40179878869374375,0.9903989440955872,0.20921830658502927
0.5909616044147397,0.6415721757947664,0.47825829426502486,0.6012208682812902,0.8227646855927686
0.860361988417044,0.2477779914821293,0.09011685250919177,0.1843292487045417,0.31188452718443527
0.40490268949416763,0.18471936248320198,0.5289428780657782,0.2618695212205545,0.8572761460644454
0.4639167056629926,0.2042937973578387,0.9837374979630256,0.30930832989651946,0.8911528713689821
0.7379223015128062,0.4949292883201144,0.5797798668380116,0.2617635397818828,0.9080831289042248
0.2800385707470644,0.5259557337814429,0.6603334150978145,0.8346099877321776,0.24848701692816366
0.8081371412424426,0.10419784648265884,0.7983165911102176,0.017720865267179753,0.8161676694344675
0.3569557598982397,0.8524251386516649,0.16483892179110815,0.9091458445097506,0.06672101636751115
0.06312664849942096,0.3611899879622449,0.17843339842951178,0.3524043685799071,0.3024065322303151
0.5272346520550432,0.9401244287375503,0.6915305346243614,0.4232960867926072,0.9632450681086141
0.07155494681628671,0.2549518703757564,0.5361954934484365,0.378729300040871,0.6239757900672197
0.40117317685471765,0.4256501660039924,0.19767907579756594,0.35501090926340584,0.7129551485715901
0.1385525895169547,0.9515559795206215,0.9672628067593372,0.3262877732455667,0.06136911746172635
0.04335527917343995,0.14042976960703646,0.6291301342217972,0.0034036776828483273,0.6191891891509411
0.19633649527631203,0.3802461183468351,0.9630911957949261,0.5814435096009027,0.982661838541517
0.6288303757380073,0.7826081992611683,0.1537503196359542,0.6582351982685413,0.8699818426881234
0.30727028227430364,0.3060818028781307,0.9892614245678338,0.13069735133124438,0.21643382222975072
0.9074619265667007,0.4459784177700944,0.9135294309822588,0.3842535055779296,0.8034498756006682
0.6528615224463612,0.8704533399244999,0.7407797158046617,0.22068387309947102,0.4981327998398697
0.7458212020702774,0.8005635026197565,0.07189906259260681,0.1539082434150636,0.5375897390166302
0.6013155732618211,0.26738750393159605,0.5065711922917543,0.6713269169815881,0.27286406214908676
0.023254663059725567,0.18647763786473404,0.23884856863437942,0.6900560032083976,0.3161509724043353
0.3436436179608162,0.40553989688233294,0.3202671021528335,0.6397516362490504,0.2874526792074059
0.41684786198835355,0.29241137219325686,0.3879981977877639,0.8208565685908104,0.8347495877284455
0.8605431194522409,0.17663823526288602,0.5190938336687966,0.6184171451162418,0.5580323734832094
0.36167010410030165,0.23260255732482993,0.1829194675768041,0.9693376932715997,0.4203696527430556
0.4620150512655994,0.15796671444512755,0.9978485423867132,0.6412452925416778,0.50055240628979
0.8899784960387295,0.11616127189934533,0.6197518129694592,0.31487836507900147,0.6905348655195699
0.013316136625742714,0.7169878391586187,0.8358979039288003,0.869328563854583,0.16912109962542465
0.18065426880858404,0.8769794469436236,0.9699192479592801,0.32266009562034303,0.7456983504112173
0.5967893607636175,0.8465763212641485,0.8719213955047882,0.5137723358411259,0.7956807028280659
0.8783914408296526,0.8734551583825025,0.6786297840648358,0.3758521430655162,0.7233443100815363
0.0368637775991858,0.6948874150207356,0.1137974335289893,0.928785611090153,0.3211628488765462
0.36000204163328153,0.4632446832940613,0.9408089658215155,0.475983280686891,0.07455738549264967
0.5162858483029859,0.13221451474381163,0.9057030858524455,0.11877986839595045,0.6278969427038688
0.5843188683215297,0.09164877620147371,0.480059252984519,0.23909561349217534,0.5098015572035963
0.04681736275908466,0.9340196913590232,0.8388199243297899,0.9724100022521922,0.507896282271869
0.49355005490975634,0.592972330213334,0.7294196542843034,0.21778717280868387,0.6304063798949145
0.8615620381741023,0.8268733500747777,0.9338123352636661,0.5489078761335918,0.901831513286134
0.7410080400124912,0.25098799135286387,0.3807686665095884,0.11112989231292525,0.8361226900658397
0.7595938699330087,0.5376243626715701,0.11699809124417104,0.5657943004852576,0.5828560059608173
0.7445052780573838,0.5235650079543787,0.24575234218217512,0.6321797488851781,0.38621703699147103
0.956996595791055,0.7743004914018511,0.9239189137363663,0.9777165370176218,0.09144661488398687
0.6707662206767688,0.5980260647944313,0.27465461680740844,0.02488358629677112,0.23573845118274916
0.5655123055504985,0.9432347826051419,0.639042205837551,0.3917140728776264,0.18143231000764093
0.6560521766283407,0.8661877879846478,0.7792233903657602,0.7423090535670128,0.8961311757899382
0.2246960819915863,0.194422181040946,0.48900230502344066,0.3563178947693073,0.6450684022790605
0.7141671224392673,0.9265296878526341,0.27574888412229626,0.9819242748500112,0.6267127014920464
0.8179570337201277,0.6876469866390819,0.43319314834148315,0.7972670234371741,0.0012452380407550478
0.5932436535322652,0.8805270498865261,0.7621866959988925,0.5239794022950641,0.7369695969465455
0.56123802246492,0.7559960367785921,0.7176849096756814,0.2256681101225395,0.7931849981380241
0.8800464572186951,0.8341577111547358,0.8645160646615434,0.10926726865274206,0.6051265464687299
0.1984924127394142,0.6059782516286887,0.03181890309592872,0.8434873251220165,0.73831382909588
0.07620416541226305,0.505164856074553,0.9613127193010841,0.03273176078070994,0.051606691002234806
0.9590174596971532,0.14951770496021888,0.9702979080702049,0.9545929464343731,0.3806022673725734
0.9482109699225786,0.4067538725606661,0.20856808263559978,0.7699680900439123,0.26911690718919834
0.439029230232273,0.5376370592108899,0.9868465920180597,0.30647497838511484,0.586508588353823
0.12012424017451984,0.8822608290115214,0.4094191624624127,0.0070014676371507045,0.21431186516364498
0.06314378567948198,0.08610883231815891,0.9611382737489701,0.004085468824019389,0.4108263777126714
0.07803814724538771,0.3446554565029063,0.966816928970425,0.4936892598715542,0.9490101083853558
0.3670285408164272,0.6888529430098325,0.09658788537991125,0.9189248389795887,0.4333059628672211
0.9981101909079845,0.7201982367752101,0.9754867826207746,0.945607512475739,0.6064386056589286
0.6509922097637705,0.6931397889851432,0.5397336542499378,0.9437612771727122,0.8740324440944985
0.3852754385448224,0.44273537887000236,0.3584403106239782,0.12025593915109678,0.23810850765603575
0.9111635386226548,0.9156254874459874,0.5187450226601036,0.009129942255042711,0.31586143617596607
0.29313403202392774,0.7311408645762604,0.09668977263200884,0.3396114937182063,0.38004196066254037
0.9121766063103761,0.055713154331908044,0.606335332868832,0.5818476042693544,0.8589521682352929
0.17342756986336105,0.433103831235117,0.9151874373331544,0.7496167737945094,0.5500577606918878
0.5125365462781691,0.2920976867538676,0.29127719787689366,0.09820147043812844,0.7195963777827161
0.07545580751454617,0.358506968995967,0.12144864356519325,0.5763816474361468,0.6951021197837922
0.8974217406457901,0.17852387854686746,0.70720061600595,0.06382784842962042,0.9656601937649331
0.7242401408515398,0.2157253379937334,0.34678451170106794,0.3451231185106617,0.46160189931486906
0.7479739833245903,0.8287556714887022,0.20564482038997745,0.9160949413891378,0.3494749435757768
0.09490028402342465,0.8395053256224546,0.7519946269414718,0.17159315403272168,0.3494793079299472
0.1657347708928114,0.501280524880502,0.10573719821866134,0.5131657619310709,0.30505307472724896
0.4490171470183777,0.8681348544835635,0.8400272055137847,0.26999587333950836,0.5871826627160568
0.12925979372259944,0.3063544134228108,0.9198855805368894,0.5410568686344752,0.4880882866910159
0.048948918338408975,0.5834644985028229,0.21332380549423713,0.6926990770192176,0.2945573334418411
0.6613446084846935,0.8008679414228908,0.07764503320627969,0.5964077981399748,0.07325483162704416
0.3433312561207238,0.33882912911799223,0.1581667516854044,0.8757566617933761,0.36321703557902796
0.7213473744902436,0.9923254968282064,0.0004582387172293867,0.5166894658636975,0.6442874282155079
0.9828148320941374,0.053454446275251755,0.9954917479222161,0.28042634203534067,0.15027029368979272
0.9104739890110842,0.4937757281143096,0.9785900089646338,0.15195414513604988,0.48172891915549987
0.6730217296503517,0.04919728088827602,0.28819240767317267,0.13293794160167804,0.6336521527078781
0.33699384543485633,2.2257288464055947e-05,0.22730224513811426,0.4459238955538355,0.938749273134434
0.6438593078284452,0.013675205596448414,0.40981168839006776,0.21190479394520834,0.44352711896892993
0.2396718274135371,0.36756969092387226,0.9629370964114874,0.4101722140539531,0.07678234728025046
0.3662033578719023,0.9929190819777589,0.7639595761238591,0.0004134270835643994,0.8788039197570562
0.5202872591527021,0.812529968302438,0.060001167126349064,0.18131580503399602,0.49592872255745124
0.6626438321557788,0.6119268702056667,0.578870815403717,0.46683179668784636,0.6620406665371259
0.919638251099261,0.26417500384388193,0.17387014554492475,0.7679345945987243,0.7127305238754007
0.4890401291919889,0.4953537815495227,0.6107196956718248,0.23540013152473493,0.0700600001231596
0.5162375745786546,0.8038041681495259,0.7358784237396877,0.11693177370655983,0.6589164701859485
0.79172305454385,0.6574625283834528,0.5104809889169155,0.20979720312154526,0.6397455630418426
0.19233517764700936,0.17385159117540483,0.5795627757496083,0.24096421189718298,0.9957461275733449
0.2430938467269882,0.06209649224923619,0.363791464821123,0.7294975449120167,0.6599827093034496
0.10397842301256299,0.18395419759895715,0.13028639496716732,0.7644566280788695,0.8870566677489661
0.6133314519120898,0.9455042440118681,0.4561085714036871,0.455647615674149,0.1675276430561211
0.2014400719143643,0.6068088624175397,0.7189358624178815,0.09282419670687891,0.47180567631207426
0.7798521771326866,0.23278840630953657,0.011851150844304215,0.7047113748693637,0.08310199942709295
0.7381031465916571,0.22278223807378472,0.6163194026619281,0.19765495450406756,0.3188037860563482
0.9901708898519491,0.5077329191810057,0.5436692509429223,0.7454643659587504,0.10342062126662155
0.003971587203053462,0.39930018434163683,0.5640268211097764,0.8883883857102389,0.609596102106878
0.1052628956556414,0.5476029683383316,0.3621564632798129,0.6520781550248692,0.9006779264376074
0.3509459319430793,0.2954022857423282,0.1483743905139342,0.3515096657200658,0.9426908441064797
0.22622820055966153,0.9884996381578663,0.618731185431168,0.49620054670297487,0.9384088715594012
0.9512436414158691,0.3873048746899592,0.7883699673072079,0.8584134681991004,0.6022408705403066
0.8338604289362436,0.15590663148513872,0.13864031673960042,0.10146602082539657,0.43992778333049387
0.1782568335531105,0.2994454687857019,0.6976038468679724,0.7721752574881847,0.7129281820822381
0.351171265927922,0.24205117910442842,0.761234660918731,0.32033938533239115,0.1431490988927624
0.8313408639356901,0.3370813464128297,0.8836766165627901,0.959101667521679,0.011345902149975995
0.007569999789974191,0.2659194894558228,0.24945745801960328,0.4528893545013626,0.9008088266814179
0.3724474543239935,0.36275662409331,0.7924753357268879,0.9697509565496797,0.0732413738206209
0.8149342691975721,0.5295629288121568,0.13256358103482102,0.023665771923279233,0.7596029990562508
0.8447118679935378,0.44173085712315285,0.47667510304777816,0.23701022745393618,0.3694540525721781
0.8624075251749476,0.7002577650924067,0.7678212478493947,0.6603302774746861,0.7365280369885303
0.4818568898716096,0.8497046997354472,0.21583530221092329,0.14588782389136334,0.9366546208329727
0.5427442210023533,0.9362498449902452,0.28183843774742623,0.18570707045748402,0.001706256368689596
0.5766552289317803,0.020371968738615354,0.24663505748328118,0.7086093658723597,0.4798948986927256
0.42426405002108547,0.022510299589383442,0.045183599790994844,0.05703692494399626,0.6502866307443381
0.8467115495601252,0.8521165034215682,0.2677541976470361,0.6883327070456436,0.36179867563804924
0.7235015014246267,0.7520775153946702,0.2947716647629802,0.6111947291874803,0.12916814476964134
0.921806226066426,0.034312004205599655,0.6964045647757365,0.36765809423775364,0.6515931265443075
0.7053559456753333,0.23384891986390466,0.8356378591073692,0.39418952136098273,0.6502902645176037
0.8239547050367745,0.5313352229386467,0.5469891713327912,0.7586593459520085,0.7518180986551821
0.29822778509212944,0.5768254991358568,0.20093475539724093,0.5883442044125577,0.7817287826436707
0.07590282686123484,0.8252160015779432,0.7283629527630908,0.05543987954757024,0.3596127869988277
0.954666534472419,0.19812609953144067,0.3002310397329139,0.6801401342868482,0.43585011705690313
0.938924298230171,0.17855360037134216,0.31843430498056,0.5745103312362103,0.684970478174249
0.0014830916806548577,0.8730605545827226,0.203894235120763,0.4473963209244102,0.021589941590551276
0.5737238797384704,0.5053572358288334,0.9363878457891287,0.8728694105825817,0.3908735079912552
0.889009196213602,0.9035112618641834,0.7362150888347898,0.7913420237627379,0.9482672216298299
0.8617610097228732,0.8315010524100014,0.7584121926325555,0.5847850444136365,0.7713731138241837
0.11559266336082996,0.5310756416824927,0.4718072645144916,0.14356579633778843,0.27128333035296825
0.42674513789542523,0.5105822710087061,0.4109035054497676,0.5470690216093201,0.5673412294208803
0.1208579325784519,0.00029405147552796773,0.10612721918796753,0.6026396138080392,0.8141536846786773
0.1266964167482848,0.6586949979874926,0.3082107606255956,0.3445373005482245,0.2518176809201058
0.0674898690579443,0.6761955070030146,0.9208228238437016,0.5769622008462783,0.3326781613755906
0.6194908539666171,0.5312537835563526,0.7122397269301716,0.8494638023980293,0.43087980667533265
0.2062775062678609,0.25889061795502677,0.6459985092352868,0.8326594404270949,0.9771191017343404
0.11180879822442502,0.8824944356259519,0.2890039535071127,0.033268174233774594,0.5805259139813003
0.06614599283216094,0.5773992028174821,0.8352492735659311,0.2954258048765869,0.0010079325730713018
0.4567201690506859,0.09422698985669309,0.5227307434796892,0.9967838965359619,0.01524428705308345
0.5189441107424624,0.4150345018814209,0.20040001066614488,0.019496424786295097,0.9702395265725229
0.14965031753663527,0.0904381431315382,0.6489859072116084,0.24498651631605683,0.500075368775659
0.5463228095666113,0.5189950496093175,0.9241265774185464,0.229587624955633,0.9555853576843296
0.5517194644430011,0.2096436393476786,0.8972070446217956,0.11392575585883424,0.18344636686424098
0.2942646840827823,0.6404886625904385,0.8882240237929097,0.5058748039347576,0.866081486160152
0.08283085795859813,0.45067150710935977,0.4085503680074988,0.5678339630224927,0.3507133244681343
0.14316868361502422,0.9885017319520463,0.023080816397675896,0.8118266187461175,0.9654010612175888
0.31982233685014705,0.8844036015030522,0.7211073335798788,0.005562963013766575,0.7885672349003006
0.3810063593776234,0.9309827345118097,0.5614003992547325,0.40970366697399474,0.5610115847183713
0.5449975170861926,0.6725622457734654,0.15537234594580096,0.16827534755741225,0.16695967348504492
0.9808938251559591,0.8939691483871628,0.764804720309627,0.5206233999458073,0.15916019600519726
0.43778249101643385,0.6570298558017021,0.035496340334910226,0.8626538863392113,0.5075356298990472
0.15498763372938684,0.5298343623853344,0.7611528816677084,0.6370636736305082,0.08724420519314735
0.9482347282118053,0.858014667125407,0.590879950518789,0.23600615626410848,0.7048839401005604
0.9431968906070138,0.8229272962655723,0.8131291936385667,0.14795005685414586,0.7378347534535129
0.00014942207638368732,0.84251581992276,0.5562259374463256,0.5251763716866049,0.1607366388779793
0.4741319842388819,0.46461081054262054,0.7491106280868614,0.2694237444552038,0.10118410229338559
0.5404255142460905,0.8157832556901986,0.338692913851554,0.3208195906437259,0.044147315984831126
0.44818340252935485,0.7258676467790508,0.8113724311107566,0.07286917745912946,0.7284137298172221
0.5034909667233973,0.5506395370794154,0.20539409328958058,0.3620183592817994,0.9712838684386776
0.1549287461681167,0.5153644311329773,0.2976812456687308,0.14457260678250894,0.04549071676641614
0.5296667650658433,0.48823423264365184,0.17857009233076326,0.526588230189526,0.6757420026006709
0.0346576397304551,0.13413872755341527,0.6325692799680318,0.46731706917572746,0.6982726087113176
0.6872734674627281,0.5061611233405529,0.8928946099513596,0.1877549717355026,0.3484014491064229
0.1556133030600817,0.7820736640934709,0.7362998626552781,0.3710320476864388,0.036391257510297814
0.9265801000643028,0.9596588377128236,0.28307757198134964,0.22167736955277406,0.8106418734117412
0.3837356862571577,0.7312719277636562,0.0028918634016231737,0.21647518230165186,0.3746458241767743
0.7102683686431847,0.7982905422277389,0.8462825536098875,0.3121546947906777,0.6019009837716207
0.6983857682555054,0.8818681896649734,0.7162163042038909,0.15793262364575744,0.1448264740062104
0.24021150005671799,0.736158544884498,0.2853262278202199,0.8987224594700239,0.3284499817363733
0.957517094244113,0.4409778485701249,0.5911013394138873,0.6974097582121425,0.4471311175183761
0.16771869295973219,0.27299104669818897,0.17108400667576118,0.9505063784605927,0.9132907922159527
0.26401605200973477,0.12218807443902557,0.19563929410476066,0.7646815648537663,0.3704554454052926
0.2951668672237454,0.4501213079946931,0.40689177834999124,0.47466131963295266,0.09105580002375302
0.26864319395923963,0.6156051377496069,0.4594646812918701,0.1650417664320598,0.6649787706053332
0.3022066370825378,0.8430585551464493,0.1189370348598604,0.4444692504211859,0.7755135009245413
0.9441654357388105,0.022533562192187606,0.23946289937103837,0.18904278351805837,0.4326231504663086
0.9450014842787153,0.7054671133868556,0.07617398681095655,0.810938405281545,0.784854738656023
0.30884739669226347,0.25830639047984294,0.28511422590246827,0.33237569191290095,0.013333949960927294
0.6755144511489459,0.7806247816460037,0.2504591098030504,0.22834785807584101,0.9459878751758262
0.08988886058585421,0.5506042394005871,0.2257498376978646,0.0745021098368236,0.5346797024179839
0.7156789219987736,0.9188091417803456,0.759242781295425,0.35525677035624326,0.3792756635138108
0.46497589001450457,0.5748677217700523,0.7285902953707067,0.7973937165043192,0.702574908246862
0.31515330944694375,0.03653644798451161,0.598464704894008,0.7425220525654221,0.12566348222558266
0.04446677082735773,0.09438745203679677,0.7414944087377405,0.8378329278415146,0.6367478285944612
0.24811487275413124,0.3882679295540845,0.6992443030493524,0.6597226463180649,0.6070801000688703
0.13758687857553387,0.5617153655703526,0.18453035515356075,0.30753742930694306,0.12411652827290454
0.7545962700314985,0.9512749860858862,0.6472370888654431,0.2116050183867224,0.7351265189123538
0.5601165669294104,0.11365736380269187,0.6875073743269405,0.1879814618387753,0.4810416455657339
0.6357828253778564,0.8840995235398882,0.935343297292756,0.6342378084787372,0.588570818252642
0.4071873981944143,0.47934344427654674,0.1224402338871976,0.331012454843311,0.5294110497840816
0.4254478797436345,0.480184576824192,0.2980114294138815,0.5240435671529886,0.5175029716094931
0.7251143606627755,0.3723736852935967,0.4808024312041339,0.6286763585517369,0.19816540617318745
0.0544957350664621,0.08552353121544565,0.2653886169104359,0.8437674505090758,0.524089155486557
0.6387044212183887,0.7486223106464207,0.9970851751600741,0.6670963506085871,0.5304441637806858
0.8676311606002857,0.4311695961422639,0.10189020649740665,0.2505522148351309,0.23326472334089898
0.2453889729431208,0.28461178150529187,0.11232721860442452,0.9312857497569582,0.9745621383491478
0.9464103858436489,0.21692968340202645,0.7564287353941668,0.7260817747935793,0.39388344254995755
0.22739119242257033,0.8732892578140736,0.8194512823923797,0.5208010521294383,0.2498574207940616
0.5078326109180219,0.34709668775891755,0.10065351786984522,0.7108070888486003,0.8603104461008996
0.19160754937601832,0.19313542726507793,0.35587158816503495,0.5229602390557143,0.557275878795988
0.5457621192797295,0.046156600138853476,0.6140005119106751,0.6256267466525369,0.32330775887451857
0.48050269207729834,0.8879963972760652,0.7634371820061152,0.7153703080842381,0.527334418004138
0.0033424095753823435,0.933656453693264,0.009432466224872371,0.1403832086803083,0.1428243541872085
0.8486955511304064,0.9356322589572132,0.5494180139226297,0.4245545561833125,0.22676781772874455
0.6337109385708249,0.4551310864362663,0.4407147120500846,0.29191714419439607,0.612270291904846
0.16115444084268138,0.24050308168515855,0.04442138330602419,0.015500720418058056,0.08840282444858205
0.2936251297691076,0.7471491567761399,0.06224809011621901,0.09145293681791189,0.6748706110213561
0.3954548894962713,0.8324070447966045,0.8254047557180214,0.4491927168499589,0.564037649276334
0.3492165848583225,0.7507244187425821,0.43302565061606446,0.6765826184555065,0.5595449267499301
0.721963271777973,0.7188854442865701,0.6081217373799045,0.15375261677649277,0.47688415312134924
0.46828283596769316,0.7230262115207732,0.9140224901780761,0.9854581901820995,0.7000506917407964
0.2570895837446522,0.3802775261186997,0.02457022658384056,0.9117796792440956,0.11268432189917454
0.5771438803874849,0.6316442823887158,0.16106823934235504,0.8825421254161603,0.4671649400781629
0.993549464907986,0.20145899913279475,0.8137713505853628,0.7487851642970768,0.3498647475850639
0.0338350944596536,0.5374511358187649,0.9866682331523003,0.011612605890836902,0.43918098569429787
0.1698970661193946,0.7716439525935594,0.21797689216631355,0.9622363911261503,0.13570577521077698
0.7137904686247363,0.9444104589715411,0.34846873465726314,0.7807434085419998,0.9059216245398024
0.33834495086295246,0.5913863347916958,0.8381825065139927,0.125929461234903,0.12621585875746089
0.9909878389315265,0.19280977540024558,0.8058271875037105,0.7621749539717815,0.067693615572882
0.6204961063021399,0.2011856111322572,0.052469268626880394,0.9175442252088866,0.6188666599015922
0.8984869485294854,0.8357878987512021,0.28809673547101666,0.39925866139571053,0.9449313476469073
0.22504582830414444,0.1649667349953543,0.03940779373274794,0.9463121011592731,0.1895720028521688
0.5700157236813546,0.3862607140251031,0.2284117342852796,0.47410281752074845,0.8342962938634602
0.4840359082943747,0.15425147897397562,0.6690948172083532,0.6357229879558112,0.40691657965323536
0.8532937301016864,0.2926294030402208,0.17054838400628936,0.5913094479071092,0.925465695794978
0.6925133617779388,0.4496318937603979,0.5147728532758489,0.8415612265994284,0.44163209085888
0.24495450187005363,0.3069080312098811,0.974294683864794,0.61237242676174,0.42408380025588577
0.4980730550826884,0.4990539522397772,0.9409458285283898,0.7429992275410812,0.7513070520804682
0.16128029786674747,0.6118125626380579,0.5684897284087641,0.4886745351354469,0.14270982188099945
0.5045580002761918,0.6554255765009687,0.5205895223690706,0.9615058113316174,0.004326368102521627
0.198190863384621,0.9883571366275834,0.13236878580368605,0.7921823260996074,0.6766199663042534
0.7777876703361513,0.18691559515313094,0.5738848508417951,0.4300951392041493,0.9312372736355556
0.8880436940417944,0.5571547569888483,0.9910793049543206,0.13692610314921172,0.5255676975335938
0.34930718648594306,0.2820384890830341,0.71111709756636,0.31626915742639483,0.24153258126857446
0.979447749494627,0.151886088019483,0.1538643705702435,0.8564322015781561,0.6040629642868311
0.9507989551424441,0.602754553659442,0.14391000937220078,0.12622591253688864,0.6108031346886307
0.57835561918575,0.46410585388494696,0.8340531174253553,0.6352498855155257,0.8261816013590775
0.09839992728786862,0.08888309054679733,0.44276946275660467,0.4560679983590644,0.3418480605844676
0.858144667031069,0.11532682281747375,0.5187540609385427,0.14152773821358877,0.5214611585683171
0.7720273043250523,0.8012959997215909,0.5878886540994795,0.7692399020826783,0.7144373353777341
0.1581303559685161,0.06793638475353947,0.5577152331676811,0.16835947682803787,0.20634052153910887
0.9312974820517792,0.3202089887096028,0.35444950124317187,0.9234470831185996,0.16193718738679697
0.6907798636560587,0.6468884754830528,0.1733705369124383,0.07540515433858475,0.38498375712694155
0.12302702142095034,0.5900176823013356,0.20255309222898954,0.14938059450505936,0.7116195405594614
0.3725931427689241,0.06930574483394858,0.955375997065891,0.35662440801291495,0.3282972927942793
0.47438236406672607,0.4084255365204402,0.7741666277748462,0.18726472048006337,0.34076647145077577
0.5907227001486859,0.18260923776583138,0.3444473373514757,0.7595862898630931,0.8855523604344825
0.7374555309505288,0.5935548145526612,0.2797072439963696,0.7736224808487611,0.41615670034505714
0.2518245253062157,0.8499815525159206,0.2544756739417873,0.7326852692249842,0.08262973503728643
0.04709082519465291,0.6724475658124771,0.8854708541613009,0.15496389389431708,0.6497263355720714
0.21170839756365634,0.5029259943882138,0.7858492380106988,0.6799744618927523,0.7244689200438176
0.7366514343301277,0.7273137535438934,0.8085653804688177,0.679182450095386,0.16841517618165625
0.939250360374332,0.6074884596801602,0.509288824581527,0.45259883070742923,0.878599722223644
0.14351395313991255,0.5241477517152775,0.5775725434780413,0.8175541810286349,0.31646202597183803
0.9175624362860784,0.5174892237649273,0.5315474302058644,0.396974213019503,0.6178928634043286
0.48905511439152016,0.05364157866977182,0.18994431291674174,0.582551359884446,0.733362522425223
0.4012534474053425,0.7161352666113897,0.9688171840906027,0.5825264211852597,0.01248797663278689
0.636704150455016,0.9164115547968077,0.7070195445643812,0.9652319172112743,0.9398408788731553
0.5563678712265625,0.7872440602769651,0.7106668711358357,0.8232210563236626,0.6108485198451074
0.5954120652014039,0.4057840882736705,0.39216862627553695,0.10082472687520383,0.23044223807885322
0.12567981733625244,0.5210500633251031,0.7354460823457656,0.7056127103776152,0.18931604049171702
0.883774630125023,0.8763907692738306,0.15266934564660628,0.8780761641815271,0.1087668309801002
0.14885020555150386,0.37349875987973846,0.727136980380424,0.8920584166591633,0.7482671993319207
0.7832474369964127,0.18165482700553126,0.25399523695912674,0.6438962306838252,0.6421668938054486
0.43852795123287336,0.4078960441492274,0.7801626386561299,0.8207375656322919,0.6231870009669258
0.6171695754519789,0.651447668818401,0.6589597838659729,0.7156007582084023,0.297994516264416
0.14073770147988496,0.5219158594813842,0.5154530678297874,0.5752736887175833,0.5810031629847058
0.9558609275652304,0.1722996630868654,0.9666184104838741,0.2609303396428647,0.9273191592308544
0.07859722962019067,0.4136056578513292,0.85404751809376,0.3982780731485115,0.9965518927057488
0.22144281029078705,0.6337004089663292,0.8587555924814766,0.0554261197839363,0.6669526200385335
0.6722061193802402,0.3812451910258491,0.22673505490739,0.45290583088769687,0.26794995555458345
0.8528863292237682,0.15189234894906312,0.18648903319268162,0.7044578861080694,0.1290990755535285
0.34424076236822576,0.7189662001078954,0.2561603909335255,0.8953393259642093,0.2053664756842647
0.2812238667694855,0.5114390348992418,0.3941740898807259,0.6206366320327794,0.15824060836858755
0.11748569868989123,0.7352013621470743,0.8574882703955807,0.6152387118093703,0.0784559746407264
0.43803788794480847,0.881677624148564,0.5337928956836417,0.5536221195941895,0.0855123752431578
0.48491947498775867,0.5740941886323593,0.8256099246789571,0.6898837187616149,0.7377885997306188
0.36027183277323127,0.7008734016152884,0.41536665088622404,0.8818460011286972,0.22949186812921585
0.8369819217547795,0.09770068564261514,0.3976716251170186,0.3298035119872271,0.15896076914252377
0.8939174270402528,0.4410805335854644,0.49860336890973633,0.7876445343119068,0.18826791184437974
0.9088110564418803,0.08102072714292308,0.18866638991530404,0.403288283035412,0.5363261354572558
0.6680386627213714,0.1540100370942672,0.7788751699664824,0.44948943801636576,0.24323100887057736
0.46516439540116405,0.22305622443787443,0.6699997861964876,0.5349695121387575,0.29901110600112357
0.25220799088084556,0.35348928467422724,0.10931721178795806,0.9275541837050542,0.7431293147845078
0.3643001568316676,0.6916391581540811,0.27703473080775576,0.3777292885572574,0.7594707609277471
0.6956042426968152,0.08890491615216956,0.0785025566977583,0.4828189312721408,0.6843426017717346
0.1955835042155537,0.31610702721988404,0.3622064144426431,0.949353423806172,0.26430286685180526
0.5010211121036484,0.5803929257249005,0.9402853964120099,0.6775968541230074,0.1272537084278904
0.8802361941674083,0.3119450071587222,0.5168109624008963,0.6472381196475735,0.4518559789574985
0.9680951738249595,0.08185788048635911,0.6351114632908863,0.4610958951522869,0.45710931593498794
0.1562859353383934,0.4423634556537126,0.011771522846617755,0.5389784257074959,0.5516382517979843
0.036524772010394835,0.17443352171289228,0.05001360457375026,0.9781779460225132,0.5903911293401201
0.19156199982289246,0.524109443055279,0.9640731751134985,0.28247381031185603,0.9334753634679045
0.797615554262151,0.05947248016875539,0.35014099707627744,0.1793664630392997,0.34392076396684357
0.6310394176595091,0.7551805150521661,0.9901749406988808,0.810534979253425,0.8001938505467762
0.5902194969000011,0.08321853615414776,0.2755852078516867,0.12166366608252088,0.04809011706395061
0.7296084913264509,0.9799739219020482,0.7245749433118741,0.5776737579509825,0.2393734618897727
0.15016949561545034,0.833837523689577,0.672606998934151,0.12470682642026465,0.0941955697421416
0.04766484354023948,0.8759449157420633,0.25689116856010974,0.20531752035604733,0.37453899516913003
0.942402012481328,0.6981601909170362,0.1950975838757001,0.06741698807050711,0.6884767394193266
0.8925161898113887,0.7736425494285942,0.5968873724451941,0.5978794733774169,0.2508196064552213
0.007861578819675308,0.01772648614090966,0.7228644631130868,0.12165784238068522,0.3726856592496731
0.6687757575126351,0.09835564433935284,0.7659445097598482,0.266459477973655,0.9574691276413282
0.07711436981694086,0.7889860969160271,0.80359309281352,0.03392593490870033,0.7400257472288848
0.03412288498504945,0.12547388708960372,0.12208120225062791,0.1364950403887778,0.8687758704355631
0.7462075562467129,0.22098234127623673,0.9864294758359523,0.013500882714972517,0.4041018842202905
0.5213199584054614,0.19121742478512727,0.39232413793572785,0.492255383307589,0.7853620614706079
0.3213013557110187,0.325979091856068,0.23276261882990912,0.8346126401862948,0.12311030012956914
0.5928316007059291,0.6517215925730717,0.8573512976508725,0.983754195298467,0.9839330622553618
0.0984830414928437,0.7985070339634038,0.6049277357429885,0.46495855865167846,0.06022957642205384
0.11792288901753833,0.9371149832216902,0.27593581440345827,0.748494742076428,0.1231466864189078
0.1549631205025821,0.741055413515003,0.1381595530403288,0.7073845106301152,0.22473788148247376
