Date,WindSpeed (km/h),Casualties,MonetaryLoss (USD)
2022-01-01,134.9,77987,36496434.5
2022-01-02,115.85,68492,47109626.59
2022-01-03,139.43,51192,34151601.58
2022-01-04,165.69,37061,43840769.41
2022-01-05,112.98,63964,12127706.66
2022-01-06,112.98,57869,54265874.15
2022-01-07,167.38,67903,50024109.51
2022-01-08,143.02,62703,33658227.38
2022-01-09,105.92,70991,63184913.37
2022-01-10,136.28,39295,68751402.75
2022-01-11,106.1,76347,17848802.71
2022-01-12,106.03,53951,34745504.43
2022-01-13,127.26,91505,34617153.0
2022-01-14,62.6,36216,31201937.98
2022-01-15,68.25,84719,66589496.84
2022-01-16,103.13,53958,46123477.22
2022-01-17,89.62,36971,44709703.17
2022-01-18,129.43,40322,9922752.71
2022-01-19,92.76,43593,62708360.6
2022-01-20,77.63,58483,25214832.1
2022-01-21,163.97,60456,51198652.61
2022-01-22,113.23,38525,55547538.76
2022-01-23,122.03,49512,77213171.92
2022-01-24,77.26,92845,23823592.02
2022-01-25,103.67,84550,10390243.12
2022-01-26,123.33,58726,53676990.9
2022-01-27,85.47,50760,86010223.63
2022-01-28,131.27,52400,74778927.06
2022-01-29,101.98,62270,54193188.31
2022-01-30,111.25,29544,40167276.29
2022-01-31,101.95,44852,66142451.93
2022-02-01,175.57,16628,30529076.01
2022-02-02,119.6,57984,59527155.39
2022-02-03,88.27,62943,60109403.18
2022-02-04,144.68,40336,71204198.15
2022-02-05,83.37,81479,105193200.78
2022-02-06,126.27,25484,57848319.34
2022-02-07,61.21,20712,39820727.49
2022-02-08,80.15,54489,49488513.76
2022-02-09,125.91,70941,14618481.9
2022-02-10,142.15,83678,36105737.38
2022-02-11,125.14,40822,41814351.24
2022-02-12,116.53,71573,39518232.04
2022-02-13,110.97,49229,53047097.44
2022-02-14,75.64,46547,33551601.35
2022-02-15,98.4,67673,72420613.35
2022-02-16,106.18,63046,50004141.3
2022-02-17,151.71,18472,49813993.58
2022-02-18,130.31,79530,43442105.67
2022-02-19,67.11,77601,53103813.68
2022-02-20,129.72,37488,66501965.29
2022-02-21,108.45,57916,32657395.69
2022-02-22,99.69,59880,36837670.22
2022-02-23,138.35,55213,43925479.42
2022-02-24,150.93,38993,23082581.53
2022-02-25,147.94,36567,33614842.81
2022-02-26,94.82,49488,40475582.53
2022-02-27,110.72,73454,67487783.61
2022-02-28,129.94,60872,55251226.58
2022-03-01,149.27,42587,53871798.23
2022-03-02,105.62,65433,67017959.24
2022-03-03,114.43,0,47252564.23
2022-03-04,86.81,72975,57809297.0
2022-03-05,84.11,15205,47935564.94
2022-03-06,144.38,42751,55307246.99
2022-03-07,160.69,27606,38344826.85
2022-03-08,117.84,24106,1223656.83
2022-03-09,150.11,73216,47314416.76
2022-03-10,130.85,40645,78454962.72
2022-03-11,100.65,56930,68524308.04
2022-03-12,130.84,49061,69307949.69
2022-03-13,166.14,59540,74722614.44
2022-03-14,118.93,51536,51773151.82
2022-03-15,166.94,24340,53946314.15
2022-03-16,41.41,69925,37646962.09
2022-03-17,144.66,40124,43678542.88
2022-03-18,122.61,18868,62315423.0
2022-03-19,111.03,41437,74077688.74
2022-03-20,122.75,80015,47211074.49
2022-03-21,60.37,67004,40996214.7
2022-03-22,113.41,43026,50010559.18
2022-03-23,130.71,43014,62024134.98
2022-03-24,164.34,43567,21122903.68
2022-03-25,104.45,91534,4076380.94
2022-03-26,95.75,57638,38989263.01
2022-03-27,104.95,58600,25585751.48
2022-03-28,147.46,70605,39837196.05
2022-03-29,129.86,54775,47044393.62
2022-03-30,104.11,44819,40935031.82
2022-03-31,135.4,46073,79049350.69
2022-04-01,122.91,48567,56534895.29
2022-04-02,149.06,49255,56009487.19
2022-04-03,98.94,64552,62444142.88
2022-04-04,110.17,51038,27223337.64
2022-04-05,108.24,64652,70782235.75
2022-04-06,76.09,48385,48484714.27
2022-04-07,128.88,51572,63409612.34
2022-04-08,127.83,10035,28562855.34
2022-04-09,120.15,68326,18924824.68
2022-04-10,112.96,56929,66357793.16
2022-04-11,77.54,69960,57528190.52
2022-04-12,107.38,0,31958968.91
2022-04-13,109.72,91767,32606738.37
2022-04-14,95.93,47208,72508695.69
2022-04-15,115.16,72163,26211762.14
2022-04-16,132.12,29201,82853459.07
2022-04-17,176.59,62255,31987585.31
2022-04-18,125.24,28931,62767838.51
2022-04-19,127.73,37524,43427630.49
2022-04-20,117.77,88280,62063748.62
2022-04-21,62.44,46186,39117719.96
2022-04-22,119.2,54348,46744141.88
2022-04-23,121.81,67401,50818383.51
2022-04-24,193.9,59913,29956250.88
2022-04-25,114.23,53008,64816486.91
2022-04-26,129.05,57299,39735728.67
2022-04-27,118.96,98068,45428001.69
2022-04-28,84.94,48847,30113012.51
2022-04-29,154.28,54021,1246673.18
2022-04-30,142.56,71013,46179444.75
2022-05-01,143.73,72110,98252308.43
2022-05-02,92.72,73740,65692085.76
2022-05-03,162.08,62774,49614792.41
2022-05-04,77.94,27139,44742183.42
2022-05-05,137.61,82668,50449317.86
2022-05-06,185.71,27073,60942382.3
2022-05-07,90.28,56052,26383743.69
2022-05-08,103.01,34914,72286433.89
2022-05-09,122.99,48717,64307626.31
2022-05-10,104.9,56575,64363714.51
2022-05-11,73.48,56427,58769514.78
2022-05-12,122.06,58438,50392333.15
2022-05-13,88.13,82274,63457224.72
2022-05-14,134.21,59070,61836282.67
2022-05-15,92.42,45116,42919185.78
2022-05-16,166.5,69281,38527964.54
2022-05-17,96.5,73789,52037125.91
2022-05-18,110.34,25447,80980403.03
2022-05-19,144.41,61948,25217858.49
2022-05-20,83.07,64023,20649494.68
2022-05-21,126.82,44048,53295216.82
2022-05-22,159.21,77514,51017754.04
2022-05-23,71.78,46998,53466833.29
2022-05-24,125.54,52511,54879063.96
2022-05-25,127.8,46538,45535954.91
2022-05-26,143.45,50311,79797268.77
2022-05-27,82.89,28074,17981920.43
2022-05-28,80.39,21198,33430059.5
2022-05-29,135.66,81890,47934904.8
2022-05-30,128.91,33060,17136223.78
2022-05-31,127.51,30172,46482911.91
2022-06-01,130.39,6932,83229403.31
2022-06-02,99.6,37220,50417729.77
2022-06-03,126.97,23538,54614018.11
2022-06-04,128.79,82840,24796704.7
2022-06-05,98.57,70196,37672771.84
2022-06-06,175.97,36236,42496072.39
2022-06-07,134.21,95048,43645698.06
2022-06-08,84.26,69635,75632875.9
2022-06-09,139.7,43503,61153821.21
2022-06-10,90.76,11,27770840.86
2022-06-11,143.61,95818,54930095.57
2022-06-12,154.76,22208,59964434.97
2022-06-13,95.38,17092,72802980.77
2022-06-14,148.9,70451,81610813.73
2022-06-15,132.38,98795,29698116.16
2022-06-16,144.66,77685,33782849.78
2022-06-17,176.9,61278,24848442.82
2022-06-18,112.64,61895,45319602.82
2022-06-19,97.39,67068,59327167.49
2022-06-20,93.31,65178,69746690.33
2022-06-21,95.53,55623,48480979.53
2022-06-22,117.69,52084,43603049.53
2022-06-23,130.23,48748,53035159.84
2022-06-24,128.3,34920,33297141.97
2022-06-25,144.82,44386,91790774.43
2022-06-26,120.39,16140,17846779.46
2022-06-27,163.61,48033,53694811.58
2022-06-28,112.06,30228,90472124.38
2022-06-29,201.61,27928,50135996.89
2022-06-30,138.77,53597,46199219.3
2022-07-01,94.29,77840,42851091.54
2022-07-02,87.87,68366,46392166.36
2022-07-03,134.47,18589,77456969.49
2022-07-04,113.3,30207,5762761.77
2022-07-05,141.42,68815,80668674.03
2022-07-06,134.2,30350,21520856.95
2022-07-07,117.82,45507,44666953.42
2022-07-08,94.6,61001,41415111.59
2022-07-09,74.55,30633,61771065.4
2022-07-10,106.6,52107,18037512.96
2022-07-11,145.69,23319,59243453.32
2022-07-12,126.42,37972,90486192.47
2022-07-13,82.63,56395,22736519.91
2022-07-14,125.2,18140,53794123.35
2022-07-15,131.56,58809,36760356.44
2022-07-16,93.48,49607,58517744.12
2022-07-17,124.61,61049,50382955.55
2022-07-18,121.75,54478,37170261.82
2022-07-19,85.71,77282,59757445.7
2022-07-20,130.73,52504,86086962.2
2022-07-21,136.82,41411,46181924.17
2022-07-22,152.49,52445,64395158.84
2022-07-23,151.61,60865,24134540.84
2022-07-24,78.67,50977,30871272.46
2022-07-25,91.87,50811,59448125.56
2022-07-26,135.45,35960,79682320.57
2022-07-27,135.41,36741,57112266.98
2022-07-28,135.45,21947,43738839.39
2022-07-29,235.58,84991,49985828.11
2022-07-30,137.13,25122,24991845.32
2022-07-31,154.07,36141,62090306.53
2022-08-01,148.62,35631,67646661.25
2022-08-02,139.54,67898,40958193.34
2022-08-03,110.54,44101,40599157.04
2022-08-04,142.77,74954,55317564.59
2022-08-05,96.82,36530,41265605.28
2022-08-06,112.9,55579,48677347.71
2022-08-07,105.44,33293,91994435.78
2022-08-08,122.46,92902,45059485.99
2022-08-09,189.44,26248,42833196.96
2022-08-10,63.98,56196,37049163.89
2022-08-11,140.59,62675,64883839.43
2022-08-12,71.62,58275,46375516.54
2022-08-13,105.84,46294,37012539.23
2022-08-14,152.67,47403,76426080.65
2022-08-15,121.93,50876,78392060.09
2022-08-16,87.67,47059,37991528.69
2022-08-17,98.54,69277,12669200.97
2022-08-18,140.39,94210,70150273.8
2022-08-19,98.09,38850,36307403.48
2022-08-20,126.49,22603,65812511.98
2022-08-21,121.37,48234,10597923.65
2022-08-22,100.45,101594,67851946.77
2022-08-23,184.32,33926,25776561.41
2022-08-24,139.02,82782,64615282.38
2022-08-25,59.25,83554,50285461.36
2022-08-26,125.59,38928,30921211.61
2022-08-27,100.15,61379,41859273.74
2022-08-28,145.57,82567,63726369.14
2022-08-29,96.22,42417,52117889.06
2022-08-30,116.56,45928,61688259.61
2022-08-31,135.15,38366,89528811.69
2022-09-01,145.97,29704,18715167.77
2022-09-02,83.99,37014,82344251.5
2022-09-03,109.96,25521,52087118.75
2022-09-04,105.75,50681,32024319.03
2022-09-05,100.4,34600,23393727.49
2022-09-06,172.96,54675,46217592.18
2022-09-07,132.15,18882,68433002.24
2022-09-08,82.17,56617,47449017.59
2022-09-09,147.54,66670,80223098.6
2022-09-10,183.66,10125,20976486.2
2022-09-11,150.97,57481,49758221.04
2022-09-12,74.42,74553,24952131.11
2022-09-13,105.47,25807,57272637.65
2022-09-14,158.01,83451,67737747.8
2022-09-15,98.77,58380,41584764.13
2022-09-16,133.31,35899,2084277.13
2022-09-17,143.24,48884,53978962.94
2022-09-18,92.19,61166,58734771.03
2022-09-19,118.21,51520,58085895.1
2022-09-20,22.76,60775,74715643.84
2022-09-21,89.27,31586,28578926.41
2022-09-22,112.42,53387,63604322.11
2022-09-23,82.57,21725,73850150.25
2022-09-24,168.97,47775,14428248.32
2022-09-25,77.1,31921,56393036.52
2022-09-26,106.8,35289,39916403.38
2022-09-27,123.92,74721,48369546.54
2022-09-28,163.24,71826,56953529.67
2022-09-29,76.92,62182,40255428.72
2022-09-30,154.89,28153,36485838.42
2022-10-01,120.31,43671,50683048.35
2022-10-02,90.55,74261,28255081.22
2022-10-03,133.86,52834,28283497.42
2022-10-04,125.97,96386,63587465.66
2022-10-05,101.99,57866,27024119.3
2022-10-06,122.09,53840,63326250.02
2022-10-07,108.44,43817,59251825.86
2022-10-08,123.41,52670,15483865.42
2022-10-09,139.86,46950,36448706.95
2022-10-10,167.58,64162,73882188.06
2022-10-11,82.87,69134,30376689.38
2022-10-12,183.99,34280,40711914.75
2022-10-13,61.44,23375,59241217.87
2022-10-14,115.45,13275,65667810.19
2022-10-15,137.65,60159,44969222.28
2022-10-16,128.43,27932,38049796.11
2022-10-17,101.32,6942,78447397.23
2022-10-18,113.76,57771,84777993.28
2022-10-19,105.21,99859,69577161.02
2022-10-20,102.32,49878,51706362.85
2022-10-21,145.49,66769,33834685.57
2022-10-22,130.71,51636,33391111.87
2022-10-23,99.21,48022,60450282.11
2022-10-24,146.99,68381,58367964.42
2022-10-25,129.22,44194,78031971.86
2022-10-26,144.39,55347,63009001.85
2022-10-27,138.89,56433,19938393.96
2022-10-28,95.13,36638,71038952.35
2022-10-29,103.19,69840,30038787.45
2022-10-30,142.42,46500,42320574.56
2022-10-31,138.31,34885,55004004.13
2022-11-01,119.37,60730,89913349.8
2022-11-02,123.52,32030,112198371.12
2022-11-03,158.33,50563,62134461.18
2022-11-04,102.25,49817,46336067.63
2022-11-05,136.41,71717,60690112.97
2022-11-06,113.93,59493,67753108.52
2022-11-07,113.47,49499,43586647.49
2022-11-08,152.96,66355,85904227.12
2022-11-09,144.76,77804,54601415.18
2022-11-10,144.41,61156,59954861.78
2022-11-11,159.16,50207,63318485.04
2022-11-12,120.63,23763,58431732.21
2022-11-13,140.46,28697,66778810.01
2022-11-14,110.69,43895,37654936.27
2022-11-15,129.72,37809,38833964.92
2022-11-16,116.1,46260,27996915.34
2022-11-17,122.91,51132,58790024.61
2022-11-18,137.85,60593,65578730.07
2022-11-19,95.45,48590,59155457.32
2022-11-20,182.77,59730,83489848.67
2022-11-21,89.82,51289,49888079.62
2022-11-22,83.57,10490,63374833.11
2022-11-23,154.74,31213,28165982.48
2022-11-24,143.75,47118,42258005.95
2022-11-25,138.72,25806,63910755.15
2022-11-26,138.85,61998,66982042.21
2022-11-27,119.63,80615,44120661.05
2022-11-28,93.08,74375,48568014.96
2022-11-29,122.27,45731,19642525.07
2022-11-30,99.69,79814,42859415.98
2022-12-01,149.25,52973,67807663.27
2022-12-02,115.59,43258,61504100.32
2022-12-03,95.24,37731,60013314.43
2022-12-04,110.36,43950,50995473.74
2022-12-05,132.39,42236,50141263.17
2022-12-06,103.09,53408,36793577.21
2022-12-07,95.33,53211,63976568.4
2022-12-08,127.31,50060,58419458.89
2022-12-09,127.35,58738,59840376.96
2022-12-10,104.79,73812,39479303.15
2022-12-11,105.87,68991,6933141.6
2022-12-12,126.96,20302,71943054.24
2022-12-13,76.56,0,40423250.88
2022-12-14,77.78,68686,32744484.72
2022-12-15,98.45,22662,63869578.24
2022-12-16,113.6,45504,42159747.2
2022-12-17,129.33,26597,71198727.68
2022-12-18,164.26,13960,62340118.99
2022-12-19,145.73,60829,63671386.46
2022-12-20,115.2,65183,22680885.78
2022-12-21,119.43,38469,74238879.71
2022-12-22,89.92,0,55225010.62
2022-12-23,119.44,39075,42614457.22
2022-12-24,111.34,57836,52867769.35
2022-12-25,129.68,20421,14475295.34
2022-12-26,95.18,53667,58173056.23
2022-12-27,135.58,49693,29412569.84
2022-12-28,165.98,61585,22946594.28
2022-12-29,116.74,52391,19552816.28
2022-12-30,132.05,30538,72253767.5
2022-12-31,140.7,73931,37414732.13
2023-01-01,107.96,46829,80674554.2
2023-01-02,126.72,49453,39283970.74
2023-01-03,120.38,31334,15852840.85
2023-01-04,122.93,41134,27669511.2
2023-01-05,96.81,32303,74716232.4
2023-01-06,120.74,46541,46882036.44
2023-01-07,134.94,84234,39034254.07
2023-01-08,163.53,22561,53200364.52
2023-01-09,148.78,17728,60035654.72
2023-01-10,184.6,79423,72347976.32
2023-01-11,96.98,45813,78969984.6
2023-01-12,146.17,36618,42804627.08
2023-01-13,125.5,70798,23479046.28
2023-01-14,185.69,37887,41730696.78
2023-01-15,95.75,86520,55205610.13
2023-01-16,94.81,63558,30724821.48
2023-01-17,102.02,40241,30856981.7
2023-01-18,56.28,93146,56875757.63
2023-01-19,104.23,37885,49026952.97
2023-01-20,97.23,64841,50655939.91
2023-01-21,124.51,55985,34830093.31
2023-01-22,130.25,76034,45391985.72
2023-01-23,176.29,81230,31515337.11
2023-01-24,148.51,50640,67803968.22
2023-01-25,102.69,34931,70704986.69
2023-01-26,93.05,59199,13076242.76
2023-01-27,134.76,36445,31409782.8
2023-01-28,80.39,90267,20069414.9
2023-01-29,174.94,52730,36999521.31
2023-01-30,155.38,42693,48331240.6
2023-01-31,105.92,53693,21007095.61
2023-02-01,68.61,23057,31562803.74
2023-02-02,160.62,30567,29920852.56
2023-02-03,116.56,74008,54145346.59
2023-02-04,157.13,36862,51386886.74
2023-02-05,72.17,29061,35565248.93
2023-02-06,102.02,60733,53536417.44
2023-02-07,120.16,73714,39066398.31
2023-02-08,121.41,64379,44566897.79
2023-02-09,106.5,69920,83469041.81
2023-02-10,138.69,34864,76809221.04
2023-02-11,87.97,21563,24008375.26
2023-02-12,115.73,80026,66594648.36
2023-02-13,123.61,43546,66227931.09
2023-02-14,135.43,44983,27034734.22
2023-02-15,141.35,76563,66375552.88
2023-02-16,86.26,61124,80758638.37
2023-02-17,73.98,59117,27549103.88
2023-02-18,158.33,93300,31649943.58
2023-02-19,129.97,37129,70353229.34
2023-02-20,97.55,68556,55429906.22
2023-02-21,166.53,51140,61029525.5
2023-02-22,123.47,55371,56811784.33
2023-02-23,155.38,80569,57813918.42
2023-02-24,122.03,60156,23470557.43
2023-02-25,181.82,60765,70946354.13
2023-02-26,172.66,71450,73391799.85
2023-02-27,112.53,42700,45412185.12
2023-02-28,149.15,33215,49130461.0
2023-03-01,139.36,29103,19377849.95
2023-03-02,161.06,10672,60285095.12
2023-03-03,91.05,91124,61441148.83
2023-03-04,140.58,27935,48756179.66
2023-03-05,151.75,45574,72487067.2
2023-03-06,67.24,44463,43318455.38
2023-03-07,84.5,56148,61292118.52
2023-03-08,58.82,66314,29606713.23
2023-03-09,111.92,67209,49528956.98
2023-03-10,141.53,38338,46512914.84
2023-03-11,165.07,46657,54506158.44
2023-03-12,122.22,55651,42609461.42
2023-03-13,168.86,45026,47370548.09
2023-03-14,78.6,82146,66520943.43
2023-03-15,68.9,59819,41264715.26
2023-03-16,118.33,64697,17868457.99
2023-03-17,131.52,63257,84991678.08
2023-03-18,119.02,73469,77629081.57
2023-03-19,57.98,53620,24154746.1
2023-03-20,117.33,24063,63794156.1
2023-03-21,80.87,57993,39940504.59
2023-03-22,140.09,36972,55269744.31
2023-03-23,131.0,39427,55884482.58
2023-03-24,91.8,61727,45311843.99
2023-03-25,104.58,74765,34324686.69
2023-03-26,88.22,50425,36189178.95
2023-03-27,118.12,56176,31676161.69
2023-03-28,148.65,84044,33363555.84
2023-03-29,90.43,54815,48656434.2
2023-03-30,135.12,102033,35684800.22
2023-03-31,104.09,61310,63641041.31
2023-04-01,96.21,14784,79744923.11
2023-04-02,116.79,65066,38398935.17
2023-04-03,88.94,57623,54788090.01
2023-04-04,103.39,75795,59993702.21
2023-04-05,84.06,63463,59440045.42
2023-04-06,178.94,47230,51519105.36
2023-04-07,121.06,25514,64853648.37
2023-04-08,99.01,45819,59644979.05
2023-04-09,126.42,32989,25246751.55
2023-04-10,116.63,38389,67383121.29
2023-04-11,113.37,61771,67745816.75
2023-04-12,138.43,83398,34734277.92
2023-04-13,142.73,57893,50758756.71
2023-04-14,104.08,26082,63666579.86
2023-04-15,102.73,58892,45813723.61
2023-04-16,111.75,73932,71459560.96
2023-04-17,50.94,37804,97277449.89
2023-04-18,74.54,47319,34280279.35
2023-04-19,161.01,50293,22379107.94
2023-04-20,169.35,34302,56076371.91
2023-04-21,112.53,62965,64431250.1
2023-04-22,137.3,47581,45382672.52
2023-04-23,129.34,58390,79065213.27
2023-04-24,212.37,32250,23227884.01
2023-04-25,153.59,41250,63858372.46
2023-04-26,116.16,64447,37882783.58
2023-04-27,91.33,42543,84387558.12
2023-04-28,71.81,84539,89850307.06
2023-04-29,126.1,42007,34666868.24
2023-04-30,97.31,54493,39008857.28
2023-05-01,77.33,68651,67191757.74
2023-05-02,100.6,21632,42257387.0
2023-05-03,87.55,14783,49091775.64
2023-05-04,170.61,19486,50507768.41
2023-05-05,146.45,75251,11606536.88
2023-05-06,119.76,38962,49723245.08
2023-05-07,164.4,101163,36205444.52
2023-05-08,122.32,38715,40137543.55
2023-05-09,94.16,53691,78872640.07
2023-05-10,165.69,80842,24869862.11
2023-05-11,136.17,90121,66264103.73
2023-05-12,88.88,91230,44420741.39
2023-05-13,114.29,74167,44404796.63
2023-05-14,93.73,70481,65807437.92
2023-05-15,78.52,61850,56801025.89
2023-05-16,147.79,65567,61412259.94
2023-05-17,177.28,38976,69363693.21
2023-05-18,78.04,33636,43373832.34
2023-05-19,136.89,49932,37755265.31
2023-05-20,100.48,46596,28296989.47
2023-05-21,105.39,40935,33491789.4
2023-05-22,102.23,63927,108981888.51
2023-05-23,94.08,69106,74893591.61
2023-05-24,121.46,51768,22978512.68
2023-05-25,95.07,79550,23550840.87
2023-05-26,128.11,27166,59637321.23
2023-05-27,118.49,46126,60945295.95
2023-05-28,112.83,35663,60977676.71
2023-05-29,92.77,12669,44900884.13
2023-05-30,102.7,48346,47490914.8
2023-05-31,142.66,47565,56557590.48
2023-06-01,135.03,80268,51717860.13
2023-06-02,90.67,62616,5613992.55
2023-06-03,122.98,29516,45404007.39
2023-06-04,142.54,87081,32971871.31
2023-06-05,69.92,74420,53504228.38
2023-06-06,136.3,61641,109705180.05
2023-06-07,100.12,45470,57349633.31
2023-06-08,137.12,30811,43729406.28
2023-06-09,97.1,42555,68436030.04
2023-06-10,65.85,71774,59653757.74
2023-06-11,71.17,87691,58401889.81
2023-06-12,121.44,80864,62137011.86
2023-06-13,127.79,40223,91130871.3
2023-06-14,92.87,27607,27382231.29
2023-06-15,139.16,52817,59472641.54
2023-06-16,70.15,14631,31472377.4
2023-06-17,118.02,56463,61110252.93
2023-06-18,83.67,47047,31626269.77
2023-06-19,100.44,40679,41652663.73
2023-06-20,121.42,18105,44098201.72
2023-06-21,94.19,60272,69516334.39
2023-06-22,108.46,39345,68369088.88
2023-06-23,150.19,26601,25085652.47
2023-06-24,102.69,0,51098682.22
2023-06-25,145.07,49449,35808402.91
2023-06-26,86.11,85445,24829901.79
2023-06-27,135.89,83225,45659658.99
2023-06-28,163.25,40858,43830344.23
2023-06-29,45.85,37955,98534329.73
2023-06-30,96.09,59375,58659196.51
2023-07-01,137.31,30032,22447649.98
2023-07-02,113.91,56035,38704519.92
2023-07-03,131.13,65321,70427665.91
2023-07-04,101.88,74538,91768855.46
2023-07-05,122.6,47996,18280333.76
2023-07-06,115.33,45926,12401512.3
2023-07-07,155.03,32440,87419303.51
2023-07-08,127.63,33462,57792283.55
2023-07-09,130.13,45470,32634145.36
2023-07-10,107.64,57347,60692581.72
2023-07-11,105.37,68271,2714954.78
2023-07-12,107.02,33936,50067510.13
2023-07-13,131.83,79853,56556423.46
2023-07-14,107.37,44577,68485402.79
2023-07-15,128.69,49572,29722080.95
2023-07-16,182.26,35055,51713743.23
2023-07-17,146.13,1515,31491507.48
2023-07-18,110.22,67680,55107675.11
2023-07-19,156.04,64736,32093073.55
2023-07-20,107.76,44373,41837983.22
2023-07-21,58.86,51339,30083692.1
2023-07-22,89.76,60318,63022724.84
2023-07-23,63.88,18749,67169022.33
2023-07-24,109.45,39418,45307588.6
2023-07-25,120.55,65885,50764759.9
2023-07-26,170.29,24914,21028171.71
2023-07-27,129.81,55871,44006467.04
2023-07-28,113.43,22868,48995907.66
2023-07-29,144.88,59328,102415861.82
2023-07-30,53.67,49287,27760659.48
2023-07-31,127.07,17697,79283544.78
2023-08-01,143.13,73294,69937175.47
2023-08-02,75.64,35308,55612728.09
2023-08-03,154.31,33794,85172409.68
2023-08-04,130.15,54011,57442109.45
2023-08-05,107.54,72972,57783183.91
2023-08-06,138.98,29683,48937586.94
2023-08-07,188.12,51233,74471377.65
2023-08-08,125.46,58576,71929384.68
2023-08-09,127.45,63862,37486454.25
2023-08-10,106.22,53528,23615056.11
2023-08-11,94.5,42659,45940387.25
2023-08-12,144.91,33448,33999228.71
2023-08-13,94.32,51722,48729508.51
2023-08-14,122.15,28557,74748762.69
2023-08-15,105.67,0,40853966.9
2023-08-16,134.37,58731,49143532.37
2023-08-17,130.01,68078,51160454.7
2023-08-18,151.13,2741,66968617.64
2023-08-19,104.7,29805,5062213.32
2023-08-20,111.9,62383,37865994.1
2023-08-21,90.64,91149,54225673.85
2023-08-22,106.67,50415,74001579.13
2023-08-23,131.32,35439,40161951.05
2023-08-24,142.71,46342,12468945.88
2023-08-25,92.34,77497,62394228.92
2023-08-26,146.09,37080,37292752.22
2023-08-27,160.67,34016,26206666.82
2023-08-28,132.4,40345,37513092.21
2023-08-29,176.3,30933,46309492.85
2023-08-30,96.79,52453,37905106.71
2023-08-31,82.66,82493,5888678.86
2023-09-01,66.64,56461,67941323.94
2023-09-02,164.88,44952,75497500.83
2023-09-03,139.63,44163,63030439.83
2023-09-04,118.33,18736,27246286.59
2023-09-05,128.4,67662,45970169.32
2023-09-06,86.24,48443,49869573.7
2023-09-07,193.37,46390,61975887.79
2023-09-08,123.88,113862,63366809.77
2023-09-09,123.28,55975,35316524.02
2023-09-10,141.77,34964,51639911.13
2023-09-11,134.43,41472,59145608.09
2023-09-12,126.72,72968,79116446.44
2023-09-13,96.29,52265,64090130.8
2023-09-14,134.14,21234,65781133.75
2023-09-15,176.46,68384,51676532.56
2023-09-16,160.36,36637,78209182.9
2023-09-17,167.8,87465,58195255.92
2023-09-18,104.66,71600,32778241.8
2023-09-19,90.31,41053,78067399.4
2023-09-20,116.23,75620,63958065.45
2023-09-21,121.67,51357,41139119.58
2023-09-22,152.83,67055,40410140.65
2023-09-23,69.23,59694,55931510.9
2023-09-24,165.89,33072,59263695.91
2023-09-25,115.26,37129,53945845.31
2023-09-26,107.19,70599,56226173.47
2023-09-27,89.64,43304,83999147.49
2023-09-28,70.35,41927,71430863.04
2023-09-29,144.7,30897,53812711.83
2023-09-30,122.2,58471,68826211.62
2023-10-01,81.3,91250,29349521.93
2023-10-02,81.15,28649,57958541.0
2023-10-03,109.93,50484,86186126.99
2023-10-04,170.07,78244,45639082.09
2023-10-05,112.21,48407,33047321.43
2023-10-06,74.91,59047,36958222.23
2023-10-07,112.63,28752,28207339.25
2023-10-08,111.82,58566,34304761.84
2023-10-09,39.09,46257,42589838.03
2023-10-10,118.37,69714,21888659.62
2023-10-11,113.07,73747,50312366.68
2023-10-12,140.89,101791,68045543.48
2023-10-13,175.47,61592,31844876.4
2023-10-14,153.8,56515,80385678.47
2023-10-15,111.93,53887,60215841.77
2023-10-16,86.8,42936,70611611.71
2023-10-17,197.2,56769,36843308.92
2023-10-18,121.78,44091,67090504.54
2023-10-19,120.42,53369,28161321.99
2023-10-20,119.28,76351,67804950.02
2023-10-21,125.94,29869,53436786.8
2023-10-22,115.67,72797,61065024.4
2023-10-23,102.79,76342,26488107.89
2023-10-24,103.59,47638,32098603.15
2023-10-25,119.02,7562,61944564.37
2023-10-26,103.7,37843,31033039.92
2023-10-27,98.61,75939,59264125.84
2023-10-28,123.19,49542,22657243.87
2023-10-29,112.35,30013,66963484.25
2023-10-30,165.12,39904,25349533.7
2023-10-31,40.47,66812,61045998.75
2023-11-01,152.75,60934,62512618.67
2023-11-02,157.38,45221,36064563.63
2023-11-03,57.8,42663,61640531.34
2023-11-04,109.72,42164,55208845.27
2023-11-05,108.86,31551,39223162.88
2023-11-06,77.77,82307,29828906.32
2023-11-07,96.67,43553,10747486.17
2023-11-08,86.68,74343,56993000.95
2023-11-09,172.57,80426,18703944.57
2023-11-10,148.07,69966,51906883.99
2023-11-11,158.15,41367,44731035.68
2023-11-12,141.65,58074,63582855.51
2023-11-13,86.13,49516,43959090.01
2023-11-14,104.26,31925,43411044.27
2023-11-15,134.68,56487,64637414.09
2023-11-16,83.34,26419,56701160.58
2023-11-17,141.39,73753,56323119.14
2023-11-18,112.79,40707,59385351.8
2023-11-19,108.76,54023,19288557.54
2023-11-20,141.33,55665,65135773.6
2023-11-21,133.33,44821,62249375.88
2023-11-22,109.17,61733,29666337.43
2023-11-23,154.78,40501,45118390.53
2023-11-24,87.57,67425,49213854.25
2023-11-25,138.48,23080,47310064.31
2023-11-26,137.79,52527,56677199.33
2023-11-27,110.71,88778,78627335.64
2023-11-28,129.78,29993,71635334.55
2023-11-29,82.47,36445,23755616.13
2023-11-30,147.72,60278,62441399.81
2023-12-01,114.45,53591,76578666.39
2023-12-02,104.32,57012,57736170.41
2023-12-03,151.47,59783,71819608.5
2023-12-04,98.87,62694,90245408.91
2023-12-05,77.75,72193,70474190.92
2023-12-06,73.3,58196,54986171.91
2023-12-07,138.18,45174,70901769.48
2023-12-08,81.59,63451,52897756.66
2023-12-09,172.64,87997,50478060.87
2023-12-10,57.54,47347,42971715.29
2023-12-11,170.89,30509,81268267.18
2023-12-12,126.33,72141,33631426.68
2023-12-13,117.1,47592,80647354.49
2023-12-14,103.65,6546,59997282.47
2023-12-15,131.97,66948,22013876.5
2023-12-16,118.87,39293,57352985.86
2023-12-17,153.1,48189,7999469.85
2023-12-18,123.43,56639,62510160.34
2023-12-19,124.51,53809,67704629.66
2023-12-20,109.09,64189,38152880.89
2023-12-21,118.29,41290,52470953.92
2023-12-22,129.23,60262,89083148.68
2023-12-23,68.69,44809,39885065.91
2023-12-24,79.55,64776,28821848.26
2023-12-25,142.3,62307,79633268.05
2023-12-26,125.13,31291,89251743.81
2023-12-27,114.48,71719,50073913.44
2023-12-28,120.55,39280,70229260.71
2023-12-29,130.43,66161,76829518.31
2023-12-30,103.81,57345,35150315.35
2023-12-31,96.65,86763,40293883.29
2024-01-01,125.88,45530,74617490.26
2024-01-02,90.65,43013,83700285.57
2024-01-03,132.25,49611,61257617.2
2024-01-04,68.92,43936,32403712.93
2024-01-05,150.87,65998,89741222.23
2024-01-06,134.18,17673,39380582.04
2024-01-07,127.68,28926,43297244.38
2024-01-08,149.48,28643,56846756.69
2024-01-09,169.96,69006,81083208.41
2024-01-10,150.43,84212,67079519.53
2024-01-11,64.77,47911,58297310.01
2024-01-12,81.61,46623,59265770.6
2024-01-13,101.26,51401,50870293.37
2024-01-14,120.78,73237,61162790.29
2024-01-15,135.53,31452,591201.55
2024-01-16,98.23,54767,44067850.82
2024-01-17,125.6,69503,54826438.7
2024-01-18,97.34,60021,26979718.33
2024-01-19,101.65,53791,57726466.36
2024-01-20,77.8,70020,45910575.58
2024-01-21,92.3,0,85109513.97
2024-01-22,79.45,63557,81460394.5
2024-01-23,90.72,36918,40683888.62
2024-01-24,151.61,13387,46983245.77
2024-01-25,91.52,60224,48521048.69
2024-01-26,198.97,77473,40966810.48
2024-01-27,134.8,47251,53900499.68
2024-01-28,125.55,69057,34834358.62
2024-01-29,94.25,82245,27387693.3
2024-01-30,141.01,76298,62454224.48
2024-01-31,102.73,82799,62590591.68
2024-02-01,123.66,64842,33913684.81
2024-02-02,196.8,51508,67907108.62
2024-02-03,117.12,17960,37368445.42
2024-02-04,154.48,45078,55063304.76
2024-02-05,98.9,33135,66406880.25
2024-02-06,118.95,93418,49327748.71
2024-02-07,173.12,46482,59094818.24
2024-02-08,101.19,52464,39671407.12
2024-02-09,174.37,61029,46070668.33
2024-02-10,141.23,50872,45882811.38
2024-02-11,103.13,83901,35068433.07
2024-02-12,138.97,37547,46464516.74
2024-02-13,149.18,53892,19027634.02
2024-02-14,138.65,35150,40176925.06
2024-02-15,72.89,23599,44302490.13
2024-02-16,98.19,37764,44876404.95
2024-02-17,112.57,49259,45170051.08
2024-02-18,117.77,41413,48764716.0
2024-02-19,138.62,36151,59588830.36
2024-02-20,125.33,21873,67490341.48
2024-02-21,79.94,48337,37004695.46
2024-02-22,131.41,19905,25935982.89
2024-02-23,138.32,65201,29159111.76
2024-02-24,136.79,51648,40255941.58
2024-02-25,152.42,20848,42961573.64
2024-02-26,145.02,43815,34600078.68
2024-02-27,133.78,34956,24077666.72
2024-02-28,117.9,56383,40877583.45
2024-02-29,70.17,76809,53628532.4
2024-03-01,132.89,12496,61900589.32
2024-03-02,126.23,52300,38851538.94
2024-03-03,128.15,46797,41740043.56
2024-03-04,81.7,63426,31466033.82
2024-03-05,87.57,54263,49371216.59
2024-03-06,151.59,34960,33031427.32
2024-03-07,118.81,43618,61462556.26
2024-03-08,140.45,34079,14282670.16
2024-03-09,120.85,71520,42807406.55
2024-03-10,120.89,50426,56022146.78
2024-03-11,148.15,88023,53676690.33
2024-03-12,104.52,48786,103860673.28
2024-03-13,122.88,35831,56996000.49
2024-03-14,106.13,19725,29918908.06
2024-03-15,106.97,13937,48090715.06
2024-03-16,110.72,18317,14475073.33
2024-03-17,126.66,55342,48388005.01
2024-03-18,105.64,60174,33338878.86
2024-03-19,157.67,18376,68307805.51
2024-03-20,93.16,67900,39009194.51
2024-03-21,114.39,40338,47664681.68
2024-03-22,106.81,52935,37288843.17
2024-03-23,163.41,82244,84777027.04
2024-03-24,125.9,67936,43575144.68
2024-03-25,150.96,44629,86651140.87
2024-03-26,75.43,32176,66283035.24
2024-03-27,128.01,6963,59641334.55
2024-03-28,146.69,35616,57374662.95
2024-03-29,122.47,45777,57875945.96
2024-03-30,151.96,30256,11446548.41
2024-03-31,104.48,47374,44422332.12
2024-04-01,162.28,51537,66903159.42
2024-04-02,188.97,45502,49022056.33
2024-04-03,109.11,36999,21896203.06
2024-04-04,106.63,53373,48951910.99
2024-04-05,163.6,58838,84082110.33
2024-04-06,167.39,28192,74937834.31
2024-04-07,104.31,78218,48759919.81
2024-04-08,107.39,48028,69028985.54
2024-04-09,111.55,50376,42669859.59
2024-04-10,79.67,64164,15922568.26
2024-04-11,92.44,54664,31510680.24
2024-04-12,89.88,69062,81257775.37
2024-04-13,96.97,55742,44520138.36
2024-04-14,118.96,37751,45132320.41
2024-04-15,127.03,57230,44003236.07
2024-04-16,166.52,27125,88082731.79
2024-04-17,90.05,52171,82519178.31
2024-04-18,149.53,49335,94375604.67
2024-04-19,113.58,45837,46819095.79
2024-04-20,118.52,47429,55912489.77
2024-04-21,140.24,12363,19667149.01
2024-04-22,86.32,39025,79538688.52
2024-04-23,131.47,51856,26644408.97
2024-04-24,124.99,53197,54335511.28
2024-04-25,134.77,29446,28053949.45
2024-04-26,128.68,75314,38222663.47
2024-04-27,193.66,32676,33254751.38
2024-04-28,100.87,69389,37842494.79
2024-04-29,104.07,58543,39217545.94
2024-04-30,101.31,37075,39034624.1
2024-05-01,103.34,85506,66666678.24
2024-05-02,100.88,26127,27902744.14
2024-05-03,155.67,68383,54410828.54
2024-05-04,162.62,70011,74359183.05
2024-05-05,102.88,36587,39736072.71
2024-05-06,95.03,77849,35641622.19
2024-05-07,134.14,44999,45389507.5
2024-05-08,103.43,55773,73594504.17
2024-05-09,138.99,55206,53882152.62
2024-05-10,126.09,47313,39375714.11
2024-05-11,74.53,66216,59677533.02
2024-05-12,166.43,65869,27954157.0
2024-05-13,173.88,15029,63627190.21
2024-05-14,101.62,76086,58172146.15
2024-05-15,108.37,16750,43843830.58
2024-05-16,128.58,70650,33228284.03
2024-05-17,130.03,72534,32266381.55
2024-05-18,139.76,28180,60696346.73
2024-05-19,180.31,41783,74579610.05
2024-05-20,114.69,27885,37253845.06
2024-05-21,96.05,45701,59167734.07
2024-05-22,78.62,43839,8259459.63
2024-05-23,98.07,65593,38307645.39
2024-05-24,119.01,76206,49378821.34
2024-05-25,173.84,77913,31806331.66
2024-05-26,104.47,38756,31269872.5
2024-05-27,126.71,45815,36644408.87
2024-05-28,119.51,16331,55843854.57
2024-05-29,155.65,33882,46253419.63
2024-05-30,195.81,69297,5235375.33
2024-05-31,104.07,82311,7585996.95
2024-06-01,105.32,25313,37862696.44
2024-06-02,151.32,38150,59153731.72
2024-06-03,140.46,49471,4950096.85
2024-06-04,175.4,55603,40005396.48
2024-06-05,137.52,33807,39475042.87
2024-06-06,109.22,58481,77766755.56
2024-06-07,137.72,40523,42299563.77
2024-06-08,153.26,49710,57659779.69
2024-06-09,144.61,60925,52825142.8
2024-06-10,135.22,50128,7388670.4
2024-06-11,152.0,41272,65364144.33
2024-06-12,155.08,47807,54307930.11
2024-06-13,161.46,48232,60165372.79
2024-06-14,139.46,42599,128524754.13
2024-06-15,114.99,44824,8317741.21
2024-06-16,124.4,81972,84493933.0
2024-06-17,156.2,61218,44251049.61
2024-06-18,95.49,44090,55746578.09
2024-06-19,131.06,63939,49089755.09
2024-06-20,108.2,43323,41515273.33
2024-06-21,120.86,73462,38603341.44
2024-06-22,158.35,57392,56590174.71
2024-06-23,125.73,47853,19656526.07
2024-06-24,121.39,58954,65011583.35
2024-06-25,79.2,18582,41676111.9
2024-06-26,142.39,27464,27398613.22
2024-06-27,139.36,26121,40999742.84
2024-06-28,184.9,52858,75142984.34
2024-06-29,110.77,84650,39293298.26
2024-06-30,126.57,94626,57169072.36
2024-07-01,127.48,62761,35380874.49
2024-07-02,167.32,60016,65158437.0
2024-07-03,117.14,13978,63710154.78
2024-07-04,128.37,39146,86972176.67
2024-07-05,138.24,34244,46488721.09
2024-07-06,125.6,37583,63373096.1
2024-07-07,106.61,46637,51961350.79
2024-07-08,125.82,40558,75917435.64
2024-07-09,152.21,10414,35623352.25
2024-07-10,89.2,64958,64900106.26
2024-07-11,123.99,28545,46106054.08
2024-07-12,99.0,54784,48716236.46
2024-07-13,155.85,91481,51835049.69
2024-07-14,74.3,31612,55044807.93
2024-07-15,103.23,0,47675419.14
2024-07-16,131.32,44279,54294263.66
2024-07-17,166.97,72019,81562361.15
2024-07-18,118.03,89166,69708993.71
2024-07-19,103.34,25409,67383091.85
2024-07-20,176.43,59933,40889209.48
2024-07-21,76.56,40693,32215183.44
2024-07-22,54.04,47881,69106011.16
2024-07-23,133.2,102886,67520935.85
2024-07-24,104.94,19940,79453413.52
2024-07-25,89.36,55074,37920387.48
2024-07-26,141.25,59353,45409026.89
2024-07-27,127.31,71715,17210316.75
2024-07-28,103.08,51959,42150577.88
2024-07-29,81.59,56161,69931410.21
2024-07-30,146.17,42167,40670092.42
2024-07-31,139.51,55382,62809595.9
2024-08-01,117.02,43136,46189937.88
2024-08-02,175.4,62431,56481140.56
2024-08-03,87.9,42607,27046172.2
2024-08-04,74.23,57542,51704188.99
2024-08-05,99.24,49414,9822719.42
2024-08-06,118.63,72521,46262076.84
2024-08-07,127.3,48972,17390535.13
2024-08-08,112.76,14539,74119890.33
2024-08-09,130.56,75238,65548147.06
2024-08-10,82.45,31885,59333419.64
2024-08-11,163.31,36924,80420124.54
2024-08-12,117.54,38086,31021669.58
2024-08-13,153.52,77488,84947263.96
2024-08-14,130.28,7286,68643831.29
2024-08-15,133.7,112754,45268894.26
2024-08-16,137.09,71121,72712402.94
2024-08-17,133.43,54464,27874129.75
2024-08-18,139.28,48902,33509716.77
2024-08-19,159.87,55711,37828205.54
2024-08-20,125.9,60422,39420445.84
2024-08-21,141.27,62904,28868847.14
2024-08-22,117.31,61112,74461661.34
2024-08-23,163.2,51791,44822911.99
2024-08-24,99.71,46053,57050099.37
2024-08-25,174.03,46974,38592972.67
2024-08-26,118.8,46101,13587933.99
2024-08-27,77.08,72675,55401147.17
2024-08-28,123.84,61871,11754900.49
2024-08-29,99.57,0,48627319.08
2024-08-30,145.22,63118,22633699.22
2024-08-31,100.42,53894,89745519.98
2024-09-01,106.61,49625,68227254.44
2024-09-02,63.31,42229,52115075.83
2024-09-03,106.43,72482,75274133.55
2024-09-04,47.28,68950,33073680.45
2024-09-05,72.48,34542,60869587.57
2024-09-06,142.81,58141,53996208.67
2024-09-07,143.57,30566,55280401.63
2024-09-08,132.76,22407,75447070.0
2024-09-09,90.99,37465,64649842.06
2024-09-10,118.57,67247,55774473.26
2024-09-11,119.89,69062,16902251.28
2024-09-12,85.25,60261,30799074.09
2024-09-13,165.1,64501,47545821.33
2024-09-14,146.32,60323,51867447.49
2024-09-15,113.37,37170,27395925.51
2024-09-16,120.81,58638,98233533.51
2024-09-17,126.25,66008,80327881.11
2024-09-18,58.75,65085,62042366.41
2024-09-19,112.58,73778,51440737.23
2024-09-20,99.54,64166,45755820.6
2024-09-21,89.95,57028,30961630.8
2024-09-22,111.57,71403,51549610.37
2024-09-23,173.93,49469,55155050.8
2024-09-24,139.23,32362,25164788.49
2024-09-25,102.86,46738,56683528.34
2024-09-26,137.18,35101,46894819.02
